Cell Line,Factor,Lab,Treatment,Antibody,Data Version,Quality,Table Name,Control
HepG2,ARID3A,Stanford,None,ARID3A+AF8-(NB100+AC0-279),ENCODE Mar 2012 Freeze,good,wgEncodeAwgTfbsSydhHepg2Arid3anb100279IggrabUniPk,IgG+AC0-rab
K562,ARID3A,Stanford,None,ARID3A+AF8-(sc+AC0-8821),ENCODE Mar 2012 Freeze,good,wgEncodeAwgTfbsSydhK562Arid3asc8821IggrabUniPk,IgG+AC0-rab
K562,ATF1,Harvard,None,ATF1+AF8-(06+AC0-325),ENCODE Mar 2012 Freeze,good,wgEncodeAwgTfbsSydhK562Atf106325UniPk,std
GM12878,ATF2,HudsonAlpha,None,ATF2+AF8-(SC+AC0-81188),ENCODE Mar 2012 Freeze,good,wgEncodeAwgTfbsHaibGm12878Atf2sc81188V0422111UniPk,NA
H1+AC0-hESC,ATF2,HudsonAlpha,None,ATF2+AF8-(SC+AC0-81188),ENCODE Mar 2012 Freeze,good,wgEncodeAwgTfbsHaibH1hescAtf2sc81188V0422111UniPk,NA
H1+AC0-hESC,ATF3,HudsonAlpha,None,ATF3,ENCODE Mar 2012 Freeze,good,wgEncodeAwgTfbsHaibH1hescAtf3V0416102UniPk,NA
HepG2,ATF3,HudsonAlpha,None,ATF3,ENCODE Mar 2012 Freeze,good,wgEncodeAwgTfbsHaibHepg2Atf3V0416101UniPk,NA
K562,ATF3,HudsonAlpha,None,ATF3,ENCODE Mar 2012 Freeze,good,wgEncodeAwgTfbsHaibK562Atf3V0416101UniPk,NA
H1+AC0-hESC,BACH1,Stanford,None,Bach1+AF8-(sc+AC0-14700),ENCODE Mar 2012 Freeze,good,wgEncodeAwgTfbsSydhH1hescBach1sc14700IggrabUniPk,IgG+AC0-rab
K562,BACH1,Stanford,None,Bach1+AF8-(sc+AC0-14700),ENCODE Mar 2012 Freeze,good,wgEncodeAwgTfbsSydhK562Bach1sc14700IggrabUniPk,IgG+AC0-rab
GM12878,BATF,HudsonAlpha,None,BATF,ENCODE Mar 2012 Freeze,good,wgEncodeAwgTfbsHaibGm12878BatfPcr1xUniPk,NA
GM12878,BCL11A,HudsonAlpha,None,BCL11A,ENCODE Mar 2012 Freeze,good,wgEncodeAwgTfbsHaibGm12878Bcl11aPcr1xUniPk,NA
H1+AC0-hESC,BCL11A,HudsonAlpha,None,BCL11A,ENCODE Mar 2012 Freeze,good,wgEncodeAwgTfbsHaibH1hescBcl11aPcr1xUniPk,NA
GM12878,BCL3,HudsonAlpha,None,BCL3,ENCODE Mar 2012 Freeze,good,wgEncodeAwgTfbsHaibGm12878Bcl3V0416101UniPk,NA
K562,BCL3,HudsonAlpha,None,BCL3,ENCODE Mar 2012 Freeze,good,wgEncodeAwgTfbsHaibK562Bcl3Pcr1xUniPk,NA
GM12878,BCLAF1,HudsonAlpha,None,BCLAF1+AF8-(SC+AC0-101388),ENCODE Mar 2012 Freeze,good,wgEncodeAwgTfbsHaibGm12878Bclaf101388V0416101UniPk,NA
K562,BCLAF1,HudsonAlpha,None,BCLAF1+AF8-(SC+AC0-101388),ENCODE Mar 2012 Freeze,good,wgEncodeAwgTfbsHaibK562Bclaf101388Pcr1xUniPk,NA
K562,BDP1,Harvard,None,BDP1,ENCODE Mar 2012 Freeze,good,wgEncodeAwgTfbsSydhK562Bdp1UniPk,std
A549,BHLHE40,Stanford,None,BHLHE40,ENCODE Mar 2012 Freeze,good,wgEncodeAwgTfbsSydhA549Bhlhe40IggrabUniPk,IgG+AC0-rab
GM12878,BHLHE40,Stanford,None,BHLHE40+AF8-(NB100+AC0-1800),ENCODE Mar 2012 Freeze,good,wgEncodeAwgTfbsSydhGm12878Bhlhe40cIggmusUniPk,IgG+AC0-mus
HepG2,BHLHE40,Stanford,None,BHLHE40+AF8-(NB100+AC0-1800),ENCODE Mar 2012 Freeze,good,wgEncodeAwgTfbsSydhHepg2Bhlhe40cIggrabUniPk,IgG+AC0-rab
HepG2,BHLHE40,HudsonAlpha,None,BHLHE40,ENCODE Mar 2012 Freeze,good,wgEncodeAwgTfbsHaibHepg2Bhlhe40V0416101UniPk,NA
K562,BHLHE40,Stanford,None,BHLHE40+AF8-(NB100+AC0-1800),ENCODE Mar 2012 Freeze,good,wgEncodeAwgTfbsSydhK562Bhlhe40nb100IggrabUniPk,IgG+AC0-rab
GM12878,BRCA1,Stanford,None,BRCA1+AF8-(A300+AC0-000A),ENCODE Mar 2012 Freeze,good,wgEncodeAwgTfbsSydhGm12878Brca1a300IggmusUniPk,IgG+AC0-mus
H1+AC0-hESC,BRCA1,Stanford,None,BRCA1+AF8-(A300+AC0-000A),ENCODE Mar 2012 Freeze,good,wgEncodeAwgTfbsSydhH1hescBrca1IggrabUniPk,IgG+AC0-rab
HeLa+AC0-S3,BRCA1,Stanford,None,BRCA1+AF8-(A300+AC0-000A),ENCODE Mar 2012 Freeze,good,wgEncodeAwgTfbsSydhHelas3Brca1a300IggrabUniPk,IgG+AC0-rab
K562,CBX3,HudsonAlpha,None,CBX3+AF8-(SC+AC0-101004),ENCODE Mar 2012 Freeze,good,wgEncodeAwgTfbsHaibK562Cbx3sc101004V0422111UniPk,NA
K562,CCNT2,Harvard,None,CCNT2,ENCODE Mar 2012 Freeze,good,wgEncodeAwgTfbsSydhK562Ccnt2UniPk,std
A549,CEBPB,Stanford,None,CEBPB,ENCODE Mar 2012 Freeze,good,wgEncodeAwgTfbsSydhA549CebpbIggrabUniPk,IgG+AC0-rab
H1+AC0-hESC,CEBPB,Stanford,None,CEBPB,ENCODE Mar 2012 Freeze,good,wgEncodeAwgTfbsSydhH1hescCebpbIggrabUniPk,IgG+AC0-rab
HeLa+AC0-S3,CEBPB,Stanford,None,CEBPB,ENCODE Mar 2012 Freeze,good,wgEncodeAwgTfbsSydhHelas3CebpbIggrabUniPk,IgG+AC0-rab
HepG2,CEBPB,HudsonAlpha,None,CEBPB+AF8-(SC+AC0-150),ENCODE Mar 2012 Freeze,good,wgEncodeAwgTfbsHaibHepg2Cebpbsc150V0416101UniPk,NA
HepG2,CEBPB,Stanford,None,CEBPB,ENCODE Mar 2012 Freeze,good,wgEncodeAwgTfbsSydhHepg2CebpbIggrabUniPk,IgG+AC0-rab
IMR90,CEBPB,Stanford,None,CEBPB,ENCODE Mar 2012 Freeze,good,wgEncodeAwgTfbsSydhImr90CebpbIggrabUniPk,IgG+AC0-rab
K562,CEBPB,Stanford,None,CEBPB,ENCODE Mar 2012 Freeze,good,wgEncodeAwgTfbsSydhK562CebpbIggrabUniPk,IgG+AC0-rab
K562,CEBPB,HudsonAlpha,None,CEBPB+AF8-(SC+AC0-150),ENCODE Mar 2012 Freeze,good,wgEncodeAwgTfbsHaibK562Cebpbsc150V0422111UniPk,NA
HepG2,CEBPD,HudsonAlpha,None,CEBPD+AF8-(SC+AC0-636),ENCODE Mar 2012 Freeze,good,wgEncodeAwgTfbsHaibHepg2Cebpdsc636V0416101UniPk,NA
GM12878,CHD1,Stanford,None,CHD1+AF8-(A301+AC0-218A),ENCODE Mar 2012 Freeze,good,wgEncodeAwgTfbsSydhGm12878Chd1a301218aIggmusUniPk,IgG+AC0-mus
H1+AC0-hESC,CHD1,Broad,None,CHD1+AF8-(A301+AC0-218A),ENCODE Mar 2012 Freeze,good,wgEncodeAwgTfbsBroadH1hescChd1a301218aUniPk,std
K562,CHD1,Broad,None,CHD1+AF8-(A301+AC0-218A),ENCODE Mar 2012 Freeze,good,wgEncodeAwgTfbsBroadK562Chd1a301218aUniPk,std
GM12878,CHD2,Stanford,None,CHD2+AF8-(AB68301),ENCODE Mar 2012 Freeze,good,wgEncodeAwgTfbsSydhGm12878Chd2ab68301IggmusUniPk,IgG+AC0-mus
H1+AC0-hESC,CHD2,Stanford,None,CHD2+AF8-(AB68301),ENCODE Mar 2012 Freeze,good,wgEncodeAwgTfbsSydhH1hescChd2IggrabUniPk,IgG+AC0-rab
HeLa+AC0-S3,CHD2,Stanford,None,CHD2+AF8-(AB68301),ENCODE Mar 2012 Freeze,good,wgEncodeAwgTfbsSydhHelas3Chd2IggrabUniPk,IgG+AC0-rab
HepG2,CHD2,Stanford,None,CHD2+AF8-(AB68301),ENCODE Mar 2012 Freeze,good,wgEncodeAwgTfbsSydhHepg2Chd2ab68301IggrabUniPk,IgG+AC0-rab
K562,CHD2,Stanford,None,CHD2+AF8-(AB68301),ENCODE Mar 2012 Freeze,good,wgEncodeAwgTfbsSydhK562Chd2ab68301IggrabUniPk,IgG+AC0-rab
H1+AC0-hESC,CTBP2,USC,None,CtBP2,ENCODE Mar 2012 Freeze,good,wgEncodeAwgTfbsSydhH1hescCtbp2UcdUniPk,UCDavis
A549,CTCF,UT+AC0-A,None,CTCF,ENCODE Mar 2012 Freeze,good,wgEncodeAwgTfbsUtaA549CtcfUniPk,NA
A549,CTCF,UW,None,CTCF,ENCODE Mar 2012 Freeze,good,wgEncodeAwgTfbsUwA549CtcfUniPk,std
AG04449,CTCF,UW,None,CTCF,ENCODE Mar 2012 Freeze,good,wgEncodeAwgTfbsUwAg04449CtcfUniPk,std
AG04450,CTCF,UW,None,CTCF,ENCODE Mar 2012 Freeze,good,wgEncodeAwgTfbsUwAg04450CtcfUniPk,std
AG09309,CTCF,UW,None,CTCF,ENCODE Mar 2012 Freeze,good,wgEncodeAwgTfbsUwAg09309CtcfUniPk,std
AG09319,CTCF,UW,None,CTCF,ENCODE Mar 2012 Freeze,good,wgEncodeAwgTfbsUwAg09319CtcfUniPk,std
AG10803,CTCF,UW,None,CTCF,ENCODE Mar 2012 Freeze,good,wgEncodeAwgTfbsUwAg10803CtcfUniPk,std
AoAF,CTCF,UW,None,CTCF,ENCODE Mar 2012 Freeze,good,wgEncodeAwgTfbsUwAoafCtcfUniPk,std
BE(2)+AC0-C,CTCF,UW,None,CTCF,ENCODE Mar 2012 Freeze,good,wgEncodeAwgTfbsUwBe2cCtcfUniPk,std
BJ,CTCF,UW,None,CTCF,ENCODE Mar 2012 Freeze,good,wgEncodeAwgTfbsUwBjCtcfUniPk,std
Caco+AC0-2,CTCF,UW,None,CTCF,ENCODE Mar 2012 Freeze,good,wgEncodeAwgTfbsUwCaco2CtcfUniPk,std
Dnd41,CTCF,Broad,None,CTCF,ENCODE Mar 2012 Freeze,good,wgEncodeAwgTfbsBroadDnd41CtcfUniPk,std
Fibrobl,CTCF,UT+AC0-A,None,CTCF,ENCODE Mar 2012 Freeze,good,wgEncodeAwgTfbsUtaFibroblCtcfUniPk,NA
Gliobla,CTCF,UT+AC0-A,None,CTCF,ENCODE Mar 2012 Freeze,good,wgEncodeAwgTfbsUtaGlioblaCtcfUniPk,NA
GM06990,CTCF,UW,None,CTCF,ENCODE Mar 2012 Freeze,good,wgEncodeAwgTfbsUwGm06990CtcfUniPk,std
GM12801,CTCF,UW,None,CTCF,ENCODE Mar 2012 Freeze,good,wgEncodeAwgTfbsUwGm12801CtcfUniPk,std
GM12864,CTCF,UW,None,CTCF,ENCODE Mar 2012 Freeze,good,wgEncodeAwgTfbsUwGm12864CtcfUniPk,std
GM12865,CTCF,UW,None,CTCF,ENCODE Mar 2012 Freeze,good,wgEncodeAwgTfbsUwGm12865CtcfUniPk,std
GM12872,CTCF,UW,None,CTCF,ENCODE Mar 2012 Freeze,good,wgEncodeAwgTfbsUwGm12872CtcfUniPk,std
GM12873,CTCF,UW,None,CTCF,ENCODE Mar 2012 Freeze,good,wgEncodeAwgTfbsUwGm12873CtcfUniPk,std
GM12874,CTCF,UW,None,CTCF,ENCODE Mar 2012 Freeze,good,wgEncodeAwgTfbsUwGm12874CtcfUniPk,std
GM12875,CTCF,UW,None,CTCF,ENCODE Mar 2012 Freeze,good,wgEncodeAwgTfbsUwGm12875CtcfUniPk,std
GM12878,CTCF,UW,None,CTCF,ENCODE Mar 2012 Freeze,good,wgEncodeAwgTfbsUwGm12878CtcfUniPk,std
GM12878,CTCF,Stanford,None,CTCF+AF8-(SC+AC0-15914),ENCODE Mar 2012 Freeze,good,wgEncodeAwgTfbsSydhGm12878Ctcfsc15914c20UniPk,std
GM12878,CTCF,Broad,None,CTCF,ENCODE Mar 2012 Freeze,good,wgEncodeAwgTfbsBroadGm12878CtcfUniPk,std
GM12878,CTCF,UT+AC0-A,None,CTCF,ENCODE Mar 2012 Freeze,good,wgEncodeAwgTfbsUtaGm12878CtcfUniPk,NA
GM12891,CTCF,UT+AC0-A,None,CTCF,ENCODE Mar 2012 Freeze,good,wgEncodeAwgTfbsUtaGm12891CtcfUniPk,NA
GM12892,CTCF,UT+AC0-A,None,CTCF,ENCODE Mar 2012 Freeze,good,wgEncodeAwgTfbsUtaGm12892CtcfUniPk,NA
GM19238,CTCF,UT+AC0-A,None,CTCF,ENCODE Mar 2012 Freeze,good,wgEncodeAwgTfbsUtaGm19238CtcfUniPk,NA
GM19239,CTCF,UT+AC0-A,None,CTCF,ENCODE Mar 2012 Freeze,good,wgEncodeAwgTfbsUtaGm19239CtcfUniPk,NA
GM19240,CTCF,UT+AC0-A,None,CTCF,ENCODE Mar 2012 Freeze,good,wgEncodeAwgTfbsUtaGm19240CtcfUniPk,NA
H1+AC0-hESC,CTCF,Broad,None,CTCF,ENCODE Mar 2012 Freeze,good,wgEncodeAwgTfbsBroadH1hescCtcfUniPk,std
H1+AC0-hESC,CTCF,UT+AC0-A,None,CTCF,ENCODE Mar 2012 Freeze,good,wgEncodeAwgTfbsUtaH1hescCtcfUniPk,NA
H1+AC0-hESC,CTCF,HudsonAlpha,None,CTCF+AF8-(SC+AC0-5916),ENCODE Mar 2012 Freeze,good,wgEncodeAwgTfbsHaibH1hescCtcfsc5916V0416102UniPk,NA
HA+AC0-sp,CTCF,UW,None,CTCF,ENCODE Mar 2012 Freeze,good,wgEncodeAwgTfbsUwHaspCtcfUniPk,std
HAc,CTCF,UW,None,CTCF,ENCODE Mar 2012 Freeze,good,wgEncodeAwgTfbsUwHacCtcfUniPk,std
HBMEC,CTCF,UW,None,CTCF,ENCODE Mar 2012 Freeze,good,wgEncodeAwgTfbsUwHbmecCtcfUniPk,std
HCFaa,CTCF,UW,None,CTCF,ENCODE Mar 2012 Freeze,good,wgEncodeAwgTfbsUwHcfaaCtcfUniPk,std
HCM,CTCF,UW,None,CTCF,ENCODE Mar 2012 Freeze,good,wgEncodeAwgTfbsUwHcmCtcfUniPk,std
HCPEpiC,CTCF,UW,None,CTCF,ENCODE Mar 2012 Freeze,good,wgEncodeAwgTfbsUwHcpeCtcfUniPk,std
HCT+AC0-116,CTCF,UW,None,CTCF,ENCODE Mar 2012 Freeze,good,wgEncodeAwgTfbsUwHct116CtcfUniPk,std
HEEpiC,CTCF,UW,None,CTCF,ENCODE Mar 2012 Freeze,good,wgEncodeAwgTfbsUwHeeCtcfUniPk,std
HEK293,CTCF,UW,None,CTCF,ENCODE Mar 2012 Freeze,good,wgEncodeAwgTfbsUwHek293CtcfUniPk,std
HeLa+AC0-S3,CTCF,UW,None,CTCF,ENCODE Mar 2012 Freeze,good,wgEncodeAwgTfbsUwHelas3CtcfUniPk,std
HeLa+AC0-S3,CTCF,UT+AC0-A,None,CTCF,ENCODE Mar 2012 Freeze,good,wgEncodeAwgTfbsUtaHelas3CtcfUniPk,NA
HeLa+AC0-S3,CTCF,Broad,None,CTCF,ENCODE Mar 2012 Freeze,good,wgEncodeAwgTfbsBroadHelas3CtcfUniPk,std
HepG2,CTCF,UT+AC0-A,None,CTCF,ENCODE Mar 2012 Freeze,good,wgEncodeAwgTfbsUtaHepg2CtcfUniPk,NA
HepG2,CTCF,HudsonAlpha,None,CTCF+AF8-(SC+AC0-5916),ENCODE Mar 2012 Freeze,good,wgEncodeAwgTfbsHaibHepg2Ctcfsc5916V0416101UniPk,NA
HepG2,CTCF,Broad,None,CTCF,ENCODE Mar 2012 Freeze,good,wgEncodeAwgTfbsBroadHepg2CtcfUniPk,std
HepG2,CTCF,UW,None,CTCF,ENCODE Mar 2012 Freeze,good,wgEncodeAwgTfbsUwHepg2CtcfUniPk,std
HFF,CTCF,UW,None,CTCF,ENCODE Mar 2012 Freeze,good,wgEncodeAwgTfbsUwHffCtcfUniPk,std
HFF+AC0-Myc,CTCF,UW,None,CTCF,ENCODE Mar 2012 Freeze,good,wgEncodeAwgTfbsUwHffmycCtcfUniPk,std
HMEC,CTCF,Broad,None,CTCF,ENCODE Mar 2012 Freeze,good,wgEncodeAwgTfbsBroadHmecCtcfUniPk,std
HMEC,CTCF,UW,None,CTCF,ENCODE Mar 2012 Freeze,good,wgEncodeAwgTfbsUwHmecCtcfUniPk,std
HMF,CTCF,UW,None,CTCF,ENCODE Mar 2012 Freeze,good,wgEncodeAwgTfbsUwHmfCtcfUniPk,std
HPAF,CTCF,UW,None,CTCF,ENCODE Mar 2012 Freeze,good,wgEncodeAwgTfbsUwHpafCtcfUniPk,std
HPF,CTCF,UW,None,CTCF,ENCODE Mar 2012 Freeze,good,wgEncodeAwgTfbsUwHpfCtcfUniPk,std
HRE,CTCF,UW,None,CTCF,ENCODE Mar 2012 Freeze,good,wgEncodeAwgTfbsUwHreCtcfUniPk,std
HRPEpiC,CTCF,UW,None,CTCF,ENCODE Mar 2012 Freeze,good,wgEncodeAwgTfbsUwHrpeCtcfUniPk,std
HSMM,CTCF,Broad,None,CTCF,ENCODE Mar 2012 Freeze,good,wgEncodeAwgTfbsBroadHsmmCtcfUniPk,std
HSMMtube,CTCF,Broad,None,CTCF,ENCODE Mar 2012 Freeze,good,wgEncodeAwgTfbsBroadHsmmtCtcfUniPk,std
HUVEC,CTCF,Broad,None,CTCF,ENCODE Mar 2012 Freeze,good,wgEncodeAwgTfbsBroadHuvecCtcfUniPk,std
HUVEC,CTCF,UW,None,CTCF,ENCODE Mar 2012 Freeze,good,wgEncodeAwgTfbsUwHuvecCtcfUniPk,std
HUVEC,CTCF,UT+AC0-A,None,CTCF,ENCODE Mar 2012 Freeze,good,wgEncodeAwgTfbsUtaHuvecCtcfUniPk,NA
HVMF,CTCF,UW,None,CTCF,ENCODE Mar 2012 Freeze,good,wgEncodeAwgTfbsUwHvmfCtcfUniPk,std
IMR90,CTCF,Stanford,None,CTCF+AF8-(SC+AC0-15914),ENCODE Mar 2012 Freeze,good,wgEncodeAwgTfbsSydhImr90CtcfbIggrabUniPk,IgG+AC0-rab
K562,CTCF,HudsonAlpha,None,CTCF+AF8-(SC+AC0-5916),ENCODE Mar 2012 Freeze,good,wgEncodeAwgTfbsHaibK562CtcfcPcr1xUniPk,NA
K562,CTCF,UW,None,CTCF,ENCODE Mar 2012 Freeze,good,wgEncodeAwgTfbsUwK562CtcfUniPk,std
K562,CTCF,Stanford,None,CTCF+AF8-(SC+AC0-15914),ENCODE Mar 2012 Freeze,good,wgEncodeAwgTfbsSydhK562CtcfbIggrabUniPk,IgG+AC0-rab
K562,CTCF,Broad,None,CTCF,ENCODE Mar 2012 Freeze,good,wgEncodeAwgTfbsBroadK562CtcfUniPk,std
K562,CTCF,UT+AC0-A,None,CTCF,ENCODE Mar 2012 Freeze,good,wgEncodeAwgTfbsUtaK562CtcfUniPk,NA
MCF+AC0-7,CTCF,UW,None,CTCF,ENCODE Mar 2012 Freeze,good,wgEncodeAwgTfbsUwMcf7CtcfUniPk,std
MCF+AC0-7,CTCF,UT+AC0-A,None,CTCF,ENCODE Mar 2012 Freeze,good,wgEncodeAwgTfbsUtaMcf7CtcfUniPk,NA
NB4,CTCF,UW,None,CTCF,ENCODE Mar 2012 Freeze,good,wgEncodeAwgTfbsUwNb4CtcfUniPk,std
NH+AC0-A,CTCF,Broad,None,CTCF,ENCODE Mar 2012 Freeze,good,wgEncodeAwgTfbsBroadNhaCtcfUniPk,std
NHDF+AC0-Ad,CTCF,Broad,None,CTCF,ENCODE Mar 2012 Freeze,good,wgEncodeAwgTfbsBroadNhdfadCtcfUniPk,std
NHDF+AC0-neo,CTCF,UW,None,CTCF,ENCODE Mar 2012 Freeze,good,wgEncodeAwgTfbsUwNhdfneoCtcfUniPk,std
NHEK,CTCF,Broad,None,CTCF,ENCODE Mar 2012 Freeze,good,wgEncodeAwgTfbsBroadNhekCtcfUniPk,std
NHEK,CTCF,UW,None,CTCF,ENCODE Mar 2012 Freeze,good,wgEncodeAwgTfbsUwNhekCtcfUniPk,std
NHEK,CTCF,UT+AC0-A,None,CTCF,ENCODE Mar 2012 Freeze,good,wgEncodeAwgTfbsUtaNhekCtcfUniPk,NA
NHLF,CTCF,UW,None,CTCF,ENCODE Mar 2012 Freeze,good,wgEncodeAwgTfbsUwNhlfCtcfUniPk,std
NHLF,CTCF,Broad,None,CTCF,ENCODE Mar 2012 Freeze,good,wgEncodeAwgTfbsBroadNhlfCtcfUniPk,std
Osteoblasts,CTCF,Broad,None,CTCF,ENCODE Mar 2012 Freeze,good,wgEncodeAwgTfbsBroadOsteoblCtcfUniPk,std
ProgFib,CTCF,UT+AC0-A,None,CTCF,ENCODE Mar 2012 Freeze,good,wgEncodeAwgTfbsUtaProgfibCtcfUniPk,NA
RPTEC,CTCF,UW,None,CTCF,ENCODE Mar 2012 Freeze,good,wgEncodeAwgTfbsUwRptecCtcfUniPk,std
SAEC,CTCF,UW,None,CTCF,ENCODE Mar 2012 Freeze,good,wgEncodeAwgTfbsUwSaecCtcfUniPk,std
SK+AC0-N+AC0-SH (Retinoic Acid),CTCF,HudsonAlpha,None,CTCF,ENCODE Mar 2012 Freeze,good,wgEncodeAwgTfbsHaibSknshraCtcfV0416102UniPk,NA
SK+AC0-N+AC0-SH (Retinoic Acid),CTCF,UW,None,CTCF,ENCODE Mar 2012 Freeze,good,wgEncodeAwgTfbsUwSknshraCtcfUniPk,std
WERI+AC0-Rb+AC0-1,CTCF,UW,None,CTCF,ENCODE Mar 2012 Freeze,good,wgEncodeAwgTfbsUwWerirb1CtcfUniPk,std
WI+AC0-38,CTCF,UW,None,CTCF,ENCODE Mar 2012 Freeze,good,wgEncodeAwgTfbsUwWi38CtcfUniPk,std
K562,CTCFL,HudsonAlpha,None,CTCFL+AF8-(SC+AC0-98982),ENCODE Mar 2012 Freeze,good,wgEncodeAwgTfbsHaibK562Ctcflsc98982V0416101UniPk,NA
HeLa+AC0-S3,E2F1,USC,None,E2F1,ENCODE Mar 2012 Freeze,good,wgEncodeAwgTfbsSydhHelas3E2f1UniPk,std
HeLa+AC0-S3,E2F1,USC,None,HA+AC0-E2F1,ENCODE Mar 2012 Freeze,good,wgEncodeAwgTfbsSydhHelas3Hae2f1UniPk,std
MCF+AC0-7,E2F1,USC,None,HA+AC0-E2F1,ENCODE Mar 2012 Freeze,good,wgEncodeAwgTfbsSydhMcf7Hae2f1UcdUniPk,UCDavis
GM12878,E2F4,Stanford,None,E2F4,ENCODE Mar 2012 Freeze,good,wgEncodeAwgTfbsSydhGm12878E2f4IggmusUniPk,IgG+AC0-mus
HeLa+AC0-S3,E2F4,USC,None,E2F4,ENCODE Mar 2012 Freeze,good,wgEncodeAwgTfbsSydhHelas3E2f4UniPk,std
K562,E2F4,USC,None,E2F4,ENCODE Mar 2012 Freeze,good,wgEncodeAwgTfbsSydhK562E2f4UcdUniPk,UCDavis
HeLa+AC0-S3,E2F6,USC,None,E2F6,ENCODE Mar 2012 Freeze,good,wgEncodeAwgTfbsSydhHelas3E2f6UniPk,std
K562,E2F6,HudsonAlpha,None,E2F6,ENCODE Mar 2012 Freeze,good,wgEncodeAwgTfbsHaibK562E2f6V0416102UniPk,NA
K562,E2F6,USC,None,E2F6,ENCODE Mar 2012 Freeze,good,wgEncodeAwgTfbsSydhK562E2f6UcdUniPk,UCDavis
GM12878,EBF1,HudsonAlpha,None,EBF1+AF8-(SC+AC0-137065),ENCODE Mar 2012 Freeze,good,wgEncodeAwgTfbsHaibGm12878Ebf1sc137065Pcr1xUniPk,NA
GM12878,EBF1,Stanford,None,EBF1+AF8-(SC+AC0-137065),ENCODE Mar 2012 Freeze,good,wgEncodeAwgTfbsSydhGm12878Ebf1sc137065UniPk,std
GM12878,EGR1,HudsonAlpha,None,Egr+AC0-1,ENCODE Mar 2012 Freeze,good,wgEncodeAwgTfbsHaibGm12878Egr1Pcr2xUniPk,NA
H1+AC0-hESC,EGR1,HudsonAlpha,None,Egr+AC0-1,ENCODE Mar 2012 Freeze,good,wgEncodeAwgTfbsHaibH1hescEgr1V0416102UniPk,NA
K562,EGR1,HudsonAlpha,None,Egr+AC0-1,ENCODE Mar 2012 Freeze,good,wgEncodeAwgTfbsHaibK562Egr1V0416101UniPk,NA
GM12878,ELF1,HudsonAlpha,None,ELF1+AF8-(SC+AC0-631),ENCODE Mar 2012 Freeze,good,wgEncodeAwgTfbsHaibGm12878Elf1sc631V0416101UniPk,NA
HepG2,ELF1,HudsonAlpha,None,ELF1+AF8-(SC+AC0-631),ENCODE Mar 2012 Freeze,good,wgEncodeAwgTfbsHaibHepg2Elf1sc631V0416101UniPk,NA
K562,ELF1,HudsonAlpha,None,ELF1+AF8-(SC+AC0-631),ENCODE Mar 2012 Freeze,good,wgEncodeAwgTfbsHaibK562Elf1sc631V0416102UniPk,NA
GM12878,ELK1,Stanford,None,ELK1+AF8-(1277+AC0-1),ENCODE Mar 2012 Freeze,good,wgEncodeAwgTfbsSydhGm12878Elk112771IggmusUniPk,IgG+AC0-mus
HeLa+AC0-S3,ELK1,Stanford,None,ELK1+AF8-(1277+AC0-1),ENCODE Mar 2012 Freeze,good,wgEncodeAwgTfbsSydhHelas3Elk112771IggrabUniPk,IgG+AC0-rab
HeLa+AC0-S3,ELK4,USC,None,ELK4,ENCODE Mar 2012 Freeze,good,wgEncodeAwgTfbsSydhHelas3Elk4UcdUniPk,UCDavis
GM12878,EP300,Stanford,None,p300,ENCODE Mar 2012 Freeze,good,wgEncodeAwgTfbsSydhGm12878P300IggmusUniPk,IgG+AC0-mus
GM12878,EP300,HudsonAlpha,None,p300,ENCODE Mar 2012 Freeze,good,wgEncodeAwgTfbsHaibGm12878P300Pcr1xUniPk,NA
H1+AC0-hESC,EP300,HudsonAlpha,None,p300,ENCODE Mar 2012 Freeze,good,wgEncodeAwgTfbsHaibH1hescP300V0416102UniPk,NA
HeLa+AC0-S3,EP300,Stanford,None,p300+AF8-(SC+AC0-584),ENCODE Mar 2012 Freeze,good,wgEncodeAwgTfbsSydhHelas3P300sc584sc584IggrabUniPk,IgG+AC0-rab
HepG2,EP300,HudsonAlpha,None,p300,ENCODE Mar 2012 Freeze,good,wgEncodeAwgTfbsHaibHepg2P300V0416101UniPk,NA
K562,EP300,Stanford,None,p300,ENCODE Mar 2012 Freeze,good,wgEncodeAwgTfbsSydhK562P300IggrabUniPk,IgG+AC0-rab
SK+AC0-N+AC0-SH (Retinoic Acid),EP300,HudsonAlpha,None,p300,ENCODE Mar 2012 Freeze,good,wgEncodeAwgTfbsHaibSknshraP300V0416102UniPk,NA
GM12878,ETS1,HudsonAlpha,None,ETS1,ENCODE Mar 2012 Freeze,good,wgEncodeAwgTfbsHaibGm12878Ets1Pcr1xUniPk,NA
K562,ETS1,HudsonAlpha,None,ETS1,ENCODE Mar 2012 Freeze,good,wgEncodeAwgTfbsHaibK562Ets1V0416101UniPk,NA
GM12878,EZH2,Broad,None,EZH2+AF8-(39875),ENCODE Mar 2012 Freeze,good,wgEncodeAwgTfbsBroadGm12878Ezh239875UniPk,std
H1+AC0-hESC,EZH2,Broad,None,EZH2+AF8-(39875),ENCODE Mar 2012 Freeze,good,wgEncodeAwgTfbsBroadH1hescEzh239875UniPk,std
HMEC,EZH2,Broad,None,EZH2+AF8-(39875),ENCODE Mar 2012 Freeze,good,wgEncodeAwgTfbsBroadHmecEzh239875UniPk,std
HSMMtube,EZH2,Broad,None,EZH2+AF8-(39875),ENCODE Mar 2012 Freeze,good,wgEncodeAwgTfbsBroadHsmmtEzh239875UniPk,std
HUVEC,EZH2,Broad,None,EZH2+AF8-(39875),ENCODE Mar 2012 Freeze,good,wgEncodeAwgTfbsBroadHuvecEzh239875UniPk,std
NH+AC0-A,EZH2,Broad,None,EZH2+AF8-(39875),ENCODE Mar 2012 Freeze,good,wgEncodeAwgTfbsBroadNhaEzh239875UniPk,std
NHDF+AC0-Ad,EZH2,Broad,None,EZH2+AF8-(39875),ENCODE Mar 2012 Freeze,good,wgEncodeAwgTfbsBroadNhdfadEzh239875UniPk,std
NHEK,EZH2,Broad,None,EZH2+AF8-(39875),ENCODE Mar 2012 Freeze,good,wgEncodeAwgTfbsBroadNhekEzh239875UniPk,std
NHLF,EZH2,Broad,None,EZH2+AF8-(39875),ENCODE Mar 2012 Freeze,good,wgEncodeAwgTfbsBroadNhlfEzh239875UniPk,std
HeLa+AC0-S3,FAM48A,Stanford,None,SPT20,ENCODE Mar 2012 Freeze,good,wgEncodeAwgTfbsSydhHelas3Spt20UniPk,std
HeLa+AC0-S3,FOS,Yale,None,c+AC0-Fos,ENCODE Mar 2012 Freeze,good,wgEncodeAwgTfbsSydhHelas3CfosUniPk,std
HUVEC,FOS,USC,None,c+AC0-Fos,ENCODE Mar 2012 Freeze,good,wgEncodeAwgTfbsSydhHuvecCfosUcdUniPk,UCDavis
K562,FOS,Yale,None,c+AC0-Fos,ENCODE Mar 2012 Freeze,good,wgEncodeAwgTfbsSydhK562CfosUniPk,std
K562,FOS,UChicago,None,eGFP+AC0-FOS,ENCODE Mar 2012 Freeze,good,wgEncodeAwgTfbsUchicagoK562EfosUniPk,Control+AF8-eGFP+AC0-FOS
H1+AC0-hESC,FOSL1,HudsonAlpha,None,FOSL1+AF8-(SC+AC0-183),ENCODE Mar 2012 Freeze,good,wgEncodeAwgTfbsHaibH1hescFosl1sc183V0416102UniPk,NA
K562,FOSL1,HudsonAlpha,None,FOSL1+AF8-(SC+AC0-183),ENCODE Mar 2012 Freeze,good,wgEncodeAwgTfbsHaibK562Fosl1sc183V0416101UniPk,NA
HepG2,FOSL2,HudsonAlpha,None,FOSL2,ENCODE Mar 2012 Freeze,good,wgEncodeAwgTfbsHaibHepg2Fosl2V0416101UniPk,NA
HepG2,FOXA1,HudsonAlpha,None,FOXA1+AF8-(SC+AC0-6553),ENCODE Mar 2012 Freeze,good,wgEncodeAwgTfbsHaibHepg2Foxa1sc6553V0416101UniPk,NA
HepG2,FOXA1,HudsonAlpha,None,FOXA1+AF8-(SC+AC0-101058),ENCODE Mar 2012 Freeze,good,wgEncodeAwgTfbsHaibHepg2Foxa1sc101058V0416101UniPk,NA
HepG2,FOXA2,HudsonAlpha,None,FOXA2+AF8-(SC+AC0-6554),ENCODE Mar 2012 Freeze,good,wgEncodeAwgTfbsHaibHepg2Foxa2sc6554V0416101UniPk,NA
GM12878,FOXM1,HudsonAlpha,None,FOXM1+AF8-(SC+AC0-502),ENCODE Mar 2012 Freeze,good,wgEncodeAwgTfbsHaibGm12878Foxm1sc502V0422111UniPk,NA
PFSK+AC0-1,FOXP2,HudsonAlpha,None,FOXP2,ENCODE Mar 2012 Freeze,good,wgEncodeAwgTfbsHaibPfsk1Foxp2Pcr2xUniPk,NA
SK+AC0-N+AC0-MC,FOXP2,HudsonAlpha,None,FOXP2,ENCODE Mar 2012 Freeze,good,wgEncodeAwgTfbsHaibSknmcFoxp2Pcr2xUniPk,NA
GM12878,GABPA,HudsonAlpha,None,GABP,ENCODE Mar 2012 Freeze,good,wgEncodeAwgTfbsHaibGm12878GabpPcr2xUniPk,NA
H1+AC0-hESC,GABPA,HudsonAlpha,None,GABP,ENCODE Mar 2012 Freeze,good,wgEncodeAwgTfbsHaibH1hescGabpPcr1xUniPk,NA
HeLa+AC0-S3,GABPA,HudsonAlpha,None,GABP,ENCODE Mar 2012 Freeze,good,wgEncodeAwgTfbsHaibHelas3GabpPcr1xUniPk,NA
HepG2,GABPA,HudsonAlpha,None,GABP,ENCODE Mar 2012 Freeze,good,wgEncodeAwgTfbsHaibHepg2GabpPcr2xUniPk,NA
K562,GABPA,HudsonAlpha,None,GABP,ENCODE Mar 2012 Freeze,good,wgEncodeAwgTfbsHaibK562GabpV0416101UniPk,NA
K562,GATA1,USC,None,GATA+AC0-1,ENCODE Mar 2012 Freeze,good,wgEncodeAwgTfbsSydhK562Gata1UcdUniPk,UCDavis
PBDE,GATA1,USC,None,GATA+AC0-1,ENCODE Mar 2012 Freeze,good,wgEncodeAwgTfbsSydhPbdeGata1UcdUniPk,UCDavis
HUVEC,GATA2,USC,None,GATA+AC0-2,ENCODE Mar 2012 Freeze,good,wgEncodeAwgTfbsSydhHuvecGata2UcdUniPk,UCDavis
K562,GATA2,UChicago,None,eGFP+AC0-GATA2,ENCODE Mar 2012 Freeze,good,wgEncodeAwgTfbsUchicagoK562Egata2UniPk,Control+AF8-eGFP+AC0-GATA2
K562,GATA2,HudsonAlpha,None,GATA2+AF8-(SC+AC0-267),ENCODE Mar 2012 Freeze,good,wgEncodeAwgTfbsHaibK562Gata2sc267Pcr1xUniPk,NA
K562,GATA2,USC,None,GATA+AC0-2,ENCODE Mar 2012 Freeze,good,wgEncodeAwgTfbsSydhK562Gata2UcdUniPk,UCDavis
SH+AC0-SY5Y,GATA2,USC,None,GATA+AC0-2,ENCODE Mar 2012 Freeze,good,wgEncodeAwgTfbsSydhShsy5yGata2UcdUniPk,UCDavis
MCF+AC0-7,GATA3,USC,None,GATA3+AF8-(SC+AC0-268),ENCODE Mar 2012 Freeze,good,wgEncodeAwgTfbsSydhMcf7Gata3UcdUniPk,UCDavis
MCF+AC0-7,GATA3,USC,None,GATA3+AF8-(SC+AC0-269),ENCODE Mar 2012 Freeze,good,wgEncodeAwgTfbsSydhMcf7Gata3sc269UcdUniPk,UCDavis
SH+AC0-SY5Y,GATA3,USC,None,GATA3+AF8-(SC+AC0-269),ENCODE Mar 2012 Freeze,good,wgEncodeAwgTfbsSydhShsy5yGata3sc269sc269UcdUniPk,UCDavis
K562,GTF2B,Harvard,None,GTF2B,ENCODE Mar 2012 Freeze,good,wgEncodeAwgTfbsSydhK562Gtf2bUniPk,std
H1+AC0-hESC,GTF2F1,Stanford,None,GTF2F1+AF8-(AB28179),ENCODE Mar 2012 Freeze,good,wgEncodeAwgTfbsSydhH1hescGtf2f1IggrabUniPk,IgG+AC0-rab
HeLa+AC0-S3,GTF2F1,Stanford,None,GTF2F1+AF8-(AB28179),ENCODE Mar 2012 Freeze,good,wgEncodeAwgTfbsSydhHelas3Gtf2f1ab28179IggrabUniPk,IgG+AC0-rab
K562,HDAC1,Broad,None,HDAC1+AF8-(SC+AC0-6298),ENCODE Mar 2012 Freeze,good,wgEncodeAwgTfbsBroadK562Hdac1sc6298UniPk,std
H1+AC0-hESC,HDAC2,HudsonAlpha,None,HDAC2+AF8-(SC+AC0-6296),ENCODE Mar 2012 Freeze,good,wgEncodeAwgTfbsHaibH1hescHdac2sc6296V0416102UniPk,NA
HepG2,HDAC2,HudsonAlpha,None,HDAC2+AF8-(SC+AC0-6296),ENCODE Mar 2012 Freeze,good,wgEncodeAwgTfbsHaibHepg2Hdac2sc6296V0416101UniPk,NA
K562,HDAC2,HudsonAlpha,None,HDAC2+AF8-(SC+AC0-6296),ENCODE Mar 2012 Freeze,good,wgEncodeAwgTfbsHaibK562Hdac2sc6296V0416102UniPk,NA
K562,HDAC2,Broad,None,HDAC2+AF8-(A300+AC0-705A),ENCODE Mar 2012 Freeze,good,wgEncodeAwgTfbsBroadK562Hdac2a300705aUniPk,std
K562,HDAC6,Broad,None,HDAC6+AF8-(A301+AC0-341A),ENCODE Mar 2012 Freeze,good,wgEncodeAwgTfbsBroadK562Hdac6a301341aUniPk,std
K562,HMGN3,Harvard,None,HMGN3,ENCODE Mar 2012 Freeze,good,wgEncodeAwgTfbsSydhK562Hmgn3UniPk,std
HepG2,HNF4A,HudsonAlpha,None,HNF4A+AF8-(SC+AC0-8987),ENCODE Mar 2012 Freeze,good,wgEncodeAwgTfbsHaibHepg2Hnf4asc8987V0416101UniPk,NA
HepG2,HNF4G,HudsonAlpha,None,HNF4G+AF8-(SC+AC0-6558),ENCODE Mar 2012 Freeze,good,wgEncodeAwgTfbsHaibHepg2Hnf4gsc6558V0416101UniPk,NA
GM12878,IKZF1,USC,None,IKZF1+AF8-(IkN)+AF8-(UCLA),ENCODE Mar 2012 Freeze,good,wgEncodeAwgTfbsSydhGm12878Ikzf1iknuclaUniPk,std
HeLa+AC0-S3,IRF3,Stanford,None,IRF3,ENCODE Mar 2012 Freeze,good,wgEncodeAwgTfbsSydhHelas3Irf3IggrabUniPk,IgG+AC0-rab
GM12878,IRF4,HudsonAlpha,None,IRF4+AF8-(SC+AC0-6059),ENCODE Mar 2012 Freeze,good,wgEncodeAwgTfbsHaibGm12878Irf4sc6059Pcr1xUniPk,NA
H1+AC0-hESC,JUN,Stanford,None,c+AC0-Jun,ENCODE Mar 2012 Freeze,good,wgEncodeAwgTfbsSydhH1hescCjunIggrabUniPk,IgG+AC0-rab
HeLa+AC0-S3,JUN,Stanford,None,c+AC0-Jun,ENCODE Mar 2012 Freeze,good,wgEncodeAwgTfbsSydhHelas3CjunIggrabUniPk,IgG+AC0-rab
HepG2,JUN,Stanford,None,c+AC0-Jun,ENCODE Mar 2012 Freeze,good,wgEncodeAwgTfbsSydhHepg2CjunIggrabUniPk,IgG+AC0-rab
HUVEC,JUN,Stanford,None,c+AC0-Jun,ENCODE Mar 2012 Freeze,good,wgEncodeAwgTfbsSydhHuvecCjunUniPk,std
K562,JUN,Yale,None,c+AC0-Jun,ENCODE Mar 2012 Freeze,good,wgEncodeAwgTfbsSydhK562CjunUniPk,std
K562,JUNB,UChicago,None,eGFP+AC0-JunB,ENCODE Mar 2012 Freeze,good,wgEncodeAwgTfbsUchicagoK562EjunbUniPk,Control+AF8-eGFP+AC0-JunB
H1+AC0-hESC,JUND,HudsonAlpha,None,JunD,ENCODE Mar 2012 Freeze,good,wgEncodeAwgTfbsHaibH1hescJundV0416102UniPk,NA
H1+AC0-hESC,JUND,Stanford,None,JunD,ENCODE Mar 2012 Freeze,good,wgEncodeAwgTfbsSydhH1hescJundIggrabUniPk,IgG+AC0-rab
HeLa+AC0-S3,JUND,Stanford,None,JunD,ENCODE Mar 2012 Freeze,good,wgEncodeAwgTfbsSydhHelas3JundIggrabUniPk,IgG+AC0-rab
HepG2,JUND,Stanford,None,JunD,ENCODE Mar 2012 Freeze,good,wgEncodeAwgTfbsSydhHepg2JundIggrabUniPk,IgG+AC0-rab
HepG2,JUND,HudsonAlpha,None,JunD,ENCODE Mar 2012 Freeze,good,wgEncodeAwgTfbsHaibHepg2JundPcr1xUniPk,NA
K562,JUND,UChicago,None,eGFP+AC0-JunD,ENCODE Mar 2012 Freeze,good,wgEncodeAwgTfbsUchicagoK562EjundUniPk,Control+AF8-eGFP+AC0-JunD
K562,JUND,Stanford,None,JunD,ENCODE Mar 2012 Freeze,good,wgEncodeAwgTfbsSydhK562JundIggrabUniPk,IgG+AC0-rab
HEK293,KAP1,USC,None,KAP1,ENCODE Mar 2012 Freeze,good,wgEncodeAwgTfbsSydhHek293Kap1UcdUniPk,UCDavis
K562,KAP1,USC,None,KAP1,ENCODE Mar 2012 Freeze,good,wgEncodeAwgTfbsSydhK562Kap1UcdUniPk,UCDavis
U2OS,KAP1,USC,None,KAP1,ENCODE Mar 2012 Freeze,good,wgEncodeAwgTfbsSydhU2osKap1UcdUniPk,UCDavis
H1+AC0-hESC,KDM5A,Broad,None,JARID1A+AF8-(ab26049),ENCODE Mar 2012 Freeze,good,wgEncodeAwgTfbsBroadH1hescJarid1aab26049UniPk,std
K562,KDM5B,Broad,None,PLU1,ENCODE Mar 2012 Freeze,good,wgEncodeAwgTfbsBroadK562Plu1UniPk,std
HepG2,MAFF,Stanford,None,MafF+AF8-(M8194),ENCODE Mar 2012 Freeze,good,wgEncodeAwgTfbsSydhHepg2Maffm8194IggrabUniPk,IgG+AC0-rab
K562,MAFF,Stanford,None,MafF+AF8-(M8194),ENCODE Mar 2012 Freeze,good,wgEncodeAwgTfbsSydhK562MaffIggrabUniPk,IgG+AC0-rab
H1+AC0-hESC,MAFK,Stanford,None,MafK+AF8-(ab50322),ENCODE Mar 2012 Freeze,good,wgEncodeAwgTfbsSydhH1hescMafkIggrabUniPk,IgG+AC0-rab
HeLa+AC0-S3,MAFK,Stanford,None,MafK+AF8-(ab50322),ENCODE Mar 2012 Freeze,good,wgEncodeAwgTfbsSydhHelas3MafkIggrabUniPk,IgG+AC0-rab
HepG2,MAFK,Stanford,None,MafK+AF8-(SC+AC0-477),ENCODE Mar 2012 Freeze,good,wgEncodeAwgTfbsSydhHepg2Mafksc477IggrabUniPk,IgG+AC0-rab
HepG2,MAFK,Stanford,None,MafK+AF8-(ab50322),ENCODE Mar 2012 Freeze,good,wgEncodeAwgTfbsSydhHepg2Mafkab50322IggrabUniPk,IgG+AC0-rab
IMR90,MAFK,Stanford,None,MafK+AF8-(ab50322),ENCODE Mar 2012 Freeze,good,wgEncodeAwgTfbsSydhImr90MafkIggrabUniPk,IgG+AC0-rab
K562,MAFK,Stanford,None,MafK+AF8-(ab50322),ENCODE Mar 2012 Freeze,good,wgEncodeAwgTfbsSydhK562Mafkab50322IggrabUniPk,IgG+AC0-rab
A549,MAX,Stanford,None,Max,ENCODE Mar 2012 Freeze,good,wgEncodeAwgTfbsSydhA549MaxIggrabUniPk,IgG+AC0-rab
GM12878,MAX,Stanford,None,Max,ENCODE Mar 2012 Freeze,good,wgEncodeAwgTfbsSydhGm12878MaxIggmusUniPk,IgG+AC0-mus
H1+AC0-hESC,MAX,USC,None,Max,ENCODE Mar 2012 Freeze,good,wgEncodeAwgTfbsSydhH1hescMaxUcdUniPk,UCDavis
HeLa+AC0-S3,MAX,Stanford,None,Max,ENCODE Mar 2012 Freeze,good,wgEncodeAwgTfbsSydhHelas3MaxIggrabUniPk,IgG+AC0-rab
HepG2,MAX,Stanford,None,Max,ENCODE Mar 2012 Freeze,good,wgEncodeAwgTfbsSydhHepg2MaxIggrabUniPk,IgG+AC0-rab
HUVEC,MAX,Stanford,None,Max,ENCODE Mar 2012 Freeze,good,wgEncodeAwgTfbsSydhHuvecMaxUniPk,std
K562,MAX,Stanford,None,Max,ENCODE Mar 2012 Freeze,good,wgEncodeAwgTfbsSydhK562MaxIggrabUniPk,IgG+AC0-rab
K562,MAX,HudsonAlpha,None,Max,ENCODE Mar 2012 Freeze,good,wgEncodeAwgTfbsHaibK562MaxV0416102UniPk,NA
NB4,MAX,Stanford,None,Max,ENCODE Mar 2012 Freeze,good,wgEncodeAwgTfbsSydhNb4MaxUniPk,std
GM12878,MAZ,Stanford,None,MAZ+AF8-(ab85725),ENCODE Mar 2012 Freeze,good,wgEncodeAwgTfbsSydhGm12878Mazab85725IggmusUniPk,IgG+AC0-mus
HeLa+AC0-S3,MAZ,Stanford,None,MAZ+AF8-(ab85725),ENCODE Mar 2012 Freeze,good,wgEncodeAwgTfbsSydhHelas3Mazab85725IggrabUniPk,IgG+AC0-rab
HepG2,MAZ,Stanford,None,MAZ+AF8-(ab85725),ENCODE Mar 2012 Freeze,good,wgEncodeAwgTfbsSydhHepg2Mazab85725IggrabUniPk,IgG+AC0-rab
K562,MAZ,Stanford,None,MAZ+AF8-(ab85725),ENCODE Mar 2012 Freeze,good,wgEncodeAwgTfbsSydhK562Mazab85725IggrabUniPk,IgG+AC0-rab
GM12878,MEF2A,HudsonAlpha,None,MEF2A,ENCODE Mar 2012 Freeze,good,wgEncodeAwgTfbsHaibGm12878Mef2aPcr1xUniPk,NA
K562,MEF2A,HudsonAlpha,None,MEF2A,ENCODE Mar 2012 Freeze,good,wgEncodeAwgTfbsHaibK562Mef2aV0416101UniPk,NA
GM12878,MEF2C,HudsonAlpha,None,MEF2C+AF8-(SC+AC0-13268),ENCODE Mar 2012 Freeze,good,wgEncodeAwgTfbsHaibGm12878Mef2csc13268V0416101UniPk,NA
GM12878,MTA3,HudsonAlpha,None,MTA3+AF8-(SC+AC0-81325),ENCODE Mar 2012 Freeze,good,wgEncodeAwgTfbsHaibGm12878Mta3sc81325V0422111UniPk,NA
GM12878,MXI1,Stanford,None,Mxi1+AF8-(AF4185),ENCODE Mar 2012 Freeze,good,wgEncodeAwgTfbsSydhGm12878Mxi1IggmusUniPk,IgG+AC0-mus
H1+AC0-hESC,MXI1,Stanford,None,Mxi1+AF8-(AF4185),ENCODE Mar 2012 Freeze,good,wgEncodeAwgTfbsSydhH1hescMxi1IggrabUniPk,IgG+AC0-rab
HeLa+AC0-S3,MXI1,Stanford,None,Mxi1+AF8-(AF4185),ENCODE Mar 2012 Freeze,good,wgEncodeAwgTfbsSydhHelas3Mxi1af4185IggrabUniPk,IgG+AC0-rab
HepG2,MXI1,Stanford,None,Mxi1+AF8-(AF4185),ENCODE Mar 2012 Freeze,good,wgEncodeAwgTfbsSydhHepg2Mxi1UniPk,std
K562,MXI1,Stanford,None,Mxi1+AF8-(AF4185),ENCODE Mar 2012 Freeze,good,wgEncodeAwgTfbsSydhK562Mxi1af4185IggrabUniPk,IgG+AC0-rab
HepG2,MYBL2,HudsonAlpha,None,MYBL2+AF8-(SC+AC0-81192),ENCODE Mar 2012 Freeze,good,wgEncodeAwgTfbsHaibHepg2Mybl2sc81192V0422111UniPk,NA
H1+AC0-hESC,MYC,Stanford,None,c+AC0-Myc,ENCODE Mar 2012 Freeze,good,wgEncodeAwgTfbsSydhH1hescCmycIggrabUniPk,IgG+AC0-rab
HeLa+AC0-S3,MYC,UT+AC0-A,None,c+AC0-Myc,ENCODE Mar 2012 Freeze,good,wgEncodeAwgTfbsUtaHelas3CmycUniPk,NA
HeLa+AC0-S3,MYC,Yale,None,c+AC0-Myc,ENCODE Mar 2012 Freeze,good,wgEncodeAwgTfbsSydhHelas3CmycUniPk,std
HUVEC,MYC,UT+AC0-A,None,c+AC0-Myc,ENCODE Mar 2012 Freeze,good,wgEncodeAwgTfbsUtaHuvecCmycUniPk,NA
K562,MYC,Stanford,None,c+AC0-Myc,ENCODE Mar 2012 Freeze,good,wgEncodeAwgTfbsSydhK562CmycIggrabUniPk,IgG+AC0-rab
K562,MYC,UT+AC0-A,None,c+AC0-Myc,ENCODE Mar 2012 Freeze,good,wgEncodeAwgTfbsUtaK562CmycUniPk,NA
NB4,MYC,Stanford,None,c+AC0-Myc,ENCODE Mar 2012 Freeze,good,wgEncodeAwgTfbsSydhNb4CmycUniPk,std
H1+AC0-hESC,NANOG,HudsonAlpha,None,NANOG+AF8-(SC+AC0-33759),ENCODE Mar 2012 Freeze,good,wgEncodeAwgTfbsHaibH1hescNanogsc33759V0416102UniPk,NA
GM12878,NFATC1,HudsonAlpha,None,NFATC1+AF8-(SC+AC0-17834),ENCODE Mar 2012 Freeze,good,wgEncodeAwgTfbsHaibGm12878Nfatc1sc17834V0422111UniPk,NA
K562,NFE2,Yale,None,NF+AC0-E2,ENCODE Mar 2012 Freeze,good,wgEncodeAwgTfbsSydhK562Nfe2UniPk,std
GM12878,NFIC,HudsonAlpha,None,NFIC+AF8-(SC+AC0-81335),ENCODE Mar 2012 Freeze,good,wgEncodeAwgTfbsHaibGm12878Nficsc81335V0422111UniPk,NA
HepG2,NFIC,HudsonAlpha,None,NFIC+AF8-(SC+AC0-81335),ENCODE Mar 2012 Freeze,good,wgEncodeAwgTfbsHaibHepg2Nficsc81335V0422111UniPk,NA
GM12878,NFYA,Harvard,None,NF+AC0-YA,ENCODE Mar 2012 Freeze,good,wgEncodeAwgTfbsSydhGm12878NfyaIggmusUniPk,IgG+AC0-mus
HeLa+AC0-S3,NFYA,Harvard,None,NF+AC0-YA,ENCODE Mar 2012 Freeze,good,wgEncodeAwgTfbsSydhHelas3NfyaIggrabUniPk,IgG+AC0-rab
K562,NFYA,Stanford,None,NF+AC0-YA,ENCODE Mar 2012 Freeze,good,wgEncodeAwgTfbsSydhK562NfyaUniPk,std
GM12878,NFYB,Harvard,None,NF+AC0-YB,ENCODE Mar 2012 Freeze,good,wgEncodeAwgTfbsSydhGm12878NfybIggmusUniPk,IgG+AC0-mus
HeLa+AC0-S3,NFYB,Harvard,None,NF+AC0-YB,ENCODE Mar 2012 Freeze,good,wgEncodeAwgTfbsSydhHelas3NfybIggrabUniPk,IgG+AC0-rab
K562,NFYB,Stanford,None,NF+AC0-YB,ENCODE Mar 2012 Freeze,good,wgEncodeAwgTfbsSydhK562NfybUniPk,std
GM12878,NR2C2,USC,None,TR4,ENCODE Mar 2012 Freeze,good,wgEncodeAwgTfbsSydhGm12878Tr4UniPk,std
HeLa+AC0-S3,NR2C2,USC,None,TR4,ENCODE Mar 2012 Freeze,good,wgEncodeAwgTfbsSydhHelas3Tr4UniPk,std
HepG2,NR2C2,USC,None,TR4,ENCODE Mar 2012 Freeze,good,wgEncodeAwgTfbsSydhHepg2Tr4UcdUniPk,UCDavis
K562,NR2F2,HudsonAlpha,None,NR2F2+AF8-(SC+AC0-271940),ENCODE Mar 2012 Freeze,good,wgEncodeAwgTfbsHaibK562Nr2f2sc271940V0422111UniPk,NA
GM12878,NRF1,Stanford,None,Nrf1,ENCODE Mar 2012 Freeze,good,wgEncodeAwgTfbsSydhGm12878Nrf1IggmusUniPk,IgG+AC0-mus
H1+AC0-hESC,NRF1,Stanford,None,Nrf1,ENCODE Mar 2012 Freeze,good,wgEncodeAwgTfbsSydhH1hescNrf1IggrabUniPk,IgG+AC0-rab
HeLa+AC0-S3,NRF1,Stanford,None,Nrf1,ENCODE Mar 2012 Freeze,good,wgEncodeAwgTfbsSydhHelas3Nrf1IggmusUniPk,IgG+AC0-mus
K562,NRF1,Stanford,None,Nrf1,ENCODE Mar 2012 Freeze,good,wgEncodeAwgTfbsSydhK562Nrf1IggrabUniPk,IgG+AC0-rab
GM12878,PAX5,HudsonAlpha,None,PAX5+AC0-C20,ENCODE Mar 2012 Freeze,good,wgEncodeAwgTfbsHaibGm12878Pax5c20Pcr1xUniPk,NA
GM12878,PAX5,HudsonAlpha,None,PAX5+AC0-N19,ENCODE Mar 2012 Freeze,good,wgEncodeAwgTfbsHaibGm12878Pax5n19Pcr1xUniPk,NA
GM12891,PAX5,HudsonAlpha,None,PAX5+AC0-C20,ENCODE Mar 2012 Freeze,good,wgEncodeAwgTfbsHaibGm12891Pax5c20V0416101UniPk,NA
GM12892,PAX5,HudsonAlpha,None,PAX5+AC0-C20,ENCODE Mar 2012 Freeze,good,wgEncodeAwgTfbsHaibGm12892Pax5c20V0416101UniPk,NA
GM12878,PBX3,HudsonAlpha,None,Pbx3,ENCODE Mar 2012 Freeze,good,wgEncodeAwgTfbsHaibGm12878Pbx3Pcr1xUniPk,NA
K562,PHF8,Broad,None,PHF8+AF8-(A301+AC0-772A),ENCODE Mar 2012 Freeze,good,wgEncodeAwgTfbsBroadK562Phf8a301772aUniPk,std
GM12878,PML,HudsonAlpha,None,PML+AF8-(SC+AC0-71910),ENCODE Mar 2012 Freeze,good,wgEncodeAwgTfbsHaibGm12878Pmlsc71910V0422111UniPk,NA
K562,PML,HudsonAlpha,None,PML+AF8-(SC+AC0-71910),ENCODE Mar 2012 Freeze,good,wgEncodeAwgTfbsHaibK562Pmlsc71910V0422111UniPk,NA
A549,POLR2A,Stanford,None,Pol2(phosphoS2),ENCODE Mar 2012 Freeze,good,wgEncodeAwgTfbsSydhA549Pol2s2IggrabUniPk,IgG+AC0-rab
A549,POLR2A,UT+AC0-A,None,Pol2,ENCODE Mar 2012 Freeze,good,wgEncodeAwgTfbsUtaA549Pol2UniPk,NA
Gliobla,POLR2A,UT+AC0-A,None,Pol2,ENCODE Mar 2012 Freeze,good,wgEncodeAwgTfbsUtaGlioblaPol2UniPk,NA
GM12878,POLR2A,UT+AC0-A,None,Pol2,ENCODE Mar 2012 Freeze,good,wgEncodeAwgTfbsUtaGm12878Pol2UniPk,NA
GM12878,POLR2A,Stanford,None,Pol2,ENCODE Mar 2012 Freeze,good,wgEncodeAwgTfbsSydhGm12878Pol2IggmusUniPk,IgG+AC0-mus
GM12878,POLR2A,Stanford,None,Pol2(phosphoS2),ENCODE Mar 2012 Freeze,good,wgEncodeAwgTfbsSydhGm12878Pol2s2IggmusUniPk,IgG+AC0-mus
GM12878,POLR2A,HudsonAlpha,None,Pol2+AC0-4H8,ENCODE Mar 2012 Freeze,good,wgEncodeAwgTfbsHaibGm12878Pol24h8Pcr1xUniPk,NA
GM12878,POLR2A,HudsonAlpha,None,Pol2,ENCODE Mar 2012 Freeze,good,wgEncodeAwgTfbsHaibGm12878Pol2Pcr2xUniPk,NA
GM12891,POLR2A,Stanford,None,Pol2,ENCODE Mar 2012 Freeze,good,wgEncodeAwgTfbsSydhGm12891Pol2IggmusUniPk,IgG+AC0-mus
GM12891,POLR2A,HudsonAlpha,None,Pol2+AC0-4H8,ENCODE Mar 2012 Freeze,good,wgEncodeAwgTfbsHaibGm12891Pol24h8Pcr1xUniPk,NA
GM12891,POLR2A,HudsonAlpha,None,Pol2,ENCODE Mar 2012 Freeze,good,wgEncodeAwgTfbsHaibGm12891Pol2Pcr1xUniPk,NA
GM12892,POLR2A,Stanford,None,Pol2,ENCODE Mar 2012 Freeze,good,wgEncodeAwgTfbsSydhGm12892Pol2IggmusUniPk,IgG+AC0-mus
GM12892,POLR2A,HudsonAlpha,None,Pol2+AC0-4H8,ENCODE Mar 2012 Freeze,good,wgEncodeAwgTfbsHaibGm12892Pol24h8V0416102UniPk,NA
GM12892,POLR2A,HudsonAlpha,None,Pol2,ENCODE Mar 2012 Freeze,good,wgEncodeAwgTfbsHaibGm12892Pol2V0416102UniPk,NA
GM15510,POLR2A,Stanford,None,Pol2,ENCODE Mar 2012 Freeze,good,wgEncodeAwgTfbsSydhGm15510Pol2IggmusUniPk,IgG+AC0-mus
GM18505,POLR2A,Stanford,None,Pol2,ENCODE Mar 2012 Freeze,good,wgEncodeAwgTfbsSydhGm18505Pol2IggmusUniPk,IgG+AC0-mus
GM18526,POLR2A,Stanford,None,Pol2,ENCODE Mar 2012 Freeze,good,wgEncodeAwgTfbsSydhGm18526Pol2IggmusUniPk,IgG+AC0-mus
GM18951,POLR2A,Stanford,None,Pol2,ENCODE Mar 2012 Freeze,good,wgEncodeAwgTfbsSydhGm18951Pol2IggmusUniPk,IgG+AC0-mus
GM19099,POLR2A,Stanford,None,Pol2,ENCODE Mar 2012 Freeze,good,wgEncodeAwgTfbsSydhGm19099Pol2IggmusUniPk,IgG+AC0-mus
GM19193,POLR2A,Stanford,None,Pol2,ENCODE Mar 2012 Freeze,good,wgEncodeAwgTfbsSydhGm19193Pol2IggmusUniPk,IgG+AC0-mus
H1+AC0-hESC,POLR2A,HudsonAlpha,None,Pol2+AC0-4H8,ENCODE Mar 2012 Freeze,good,wgEncodeAwgTfbsHaibH1hescPol24h8V0416102UniPk,NA
H1+AC0-hESC,POLR2A,UT+AC0-A,None,Pol2,ENCODE Mar 2012 Freeze,good,wgEncodeAwgTfbsUtaH1hescPol2UniPk,NA
H1+AC0-hESC,POLR2A,HudsonAlpha,None,Pol2,ENCODE Mar 2012 Freeze,good,wgEncodeAwgTfbsHaibH1hescPol2V0416102UniPk,NA
HCT+AC0-116,POLR2A,HudsonAlpha,None,Pol2+AC0-4H8,ENCODE Mar 2012 Freeze,good,wgEncodeAwgTfbsHaibHct116Pol24h8V0416101UniPk,NA
HCT+AC0-116,POLR2A,USC,None,Pol2,ENCODE Mar 2012 Freeze,good,wgEncodeAwgTfbsSydhHct116Pol2UcdUniPk,UCDavis
HeLa+AC0-S3,POLR2A,HudsonAlpha,None,Pol2,ENCODE Mar 2012 Freeze,good,wgEncodeAwgTfbsHaibHelas3Pol2Pcr1xUniPk,NA
HeLa+AC0-S3,POLR2A,UT+AC0-A,None,Pol2,ENCODE Mar 2012 Freeze,good,wgEncodeAwgTfbsUtaHelas3Pol2UniPk,NA
HeLa+AC0-S3,POLR2A,Yale,None,Pol2,ENCODE Mar 2012 Freeze,good,wgEncodeAwgTfbsSydhHelas3Pol2UniPk,std
HeLa+AC0-S3,POLR2A,Stanford,None,Pol2(phosphoS2),ENCODE Mar 2012 Freeze,good,wgEncodeAwgTfbsSydhHelas3Pol2s2IggrabUniPk,IgG+AC0-rab
HepG2,POLR2A,HudsonAlpha,None,Pol2+AC0-4H8,ENCODE Mar 2012 Freeze,good,wgEncodeAwgTfbsHaibHepg2Pol24h8V0416102UniPk,NA
HepG2,POLR2A,Stanford,None,Pol2,ENCODE Mar 2012 Freeze,good,wgEncodeAwgTfbsSydhHepg2Pol2IggrabUniPk,IgG+AC0-rab
HepG2,POLR2A,HudsonAlpha,None,Pol2,ENCODE Mar 2012 Freeze,good,wgEncodeAwgTfbsHaibHepg2Pol2Pcr2xUniPk,NA
HepG2,POLR2A,UT+AC0-A,None,Pol2,ENCODE Mar 2012 Freeze,good,wgEncodeAwgTfbsUtaHepg2Pol2UniPk,NA
HepG2,POLR2A,Stanford,None,Pol2(phosphoS2),ENCODE Mar 2012 Freeze,good,wgEncodeAwgTfbsSydhHepg2Pol2s2IggrabUniPk,IgG+AC0-rab
HUVEC,POLR2A,HudsonAlpha,None,Pol2,ENCODE Mar 2012 Freeze,good,wgEncodeAwgTfbsHaibHuvecPol2Pcr1xUniPk,NA
HUVEC,POLR2A,HudsonAlpha,None,Pol2+AC0-4H8,ENCODE Mar 2012 Freeze,good,wgEncodeAwgTfbsHaibHuvecPol24h8V0416101UniPk,NA
HUVEC,POLR2A,UT+AC0-A,None,Pol2,ENCODE Mar 2012 Freeze,good,wgEncodeAwgTfbsUtaHuvecPol2UniPk,NA
HUVEC,POLR2A,Stanford,None,Pol2,ENCODE Mar 2012 Freeze,good,wgEncodeAwgTfbsSydhHuvecPol2UniPk,std
IMR90,POLR2A,Stanford,None,Pol2,ENCODE Mar 2012 Freeze,good,wgEncodeAwgTfbsSydhImr90Pol2IggrabUniPk,IgG+AC0-rab
K562,POLR2A,Broad,None,Pol2(b),ENCODE Mar 2012 Freeze,good,wgEncodeAwgTfbsBroadK562Pol2bUniPk,std
K562,POLR2A,HudsonAlpha,None,Pol2+AC0-4H8,ENCODE Mar 2012 Freeze,good,wgEncodeAwgTfbsHaibK562Pol24h8V0416101UniPk,NA
K562,POLR2A,Yale,None,Pol2,ENCODE Mar 2012 Freeze,good,wgEncodeAwgTfbsSydhK562Pol2UniPk,std
K562,POLR2A,Stanford,None,Pol2,ENCODE Mar 2012 Freeze,good,wgEncodeAwgTfbsSydhK562Pol2IggmusUniPk,IgG+AC0-mus
K562,POLR2A,HudsonAlpha,None,Pol2,ENCODE Mar 2012 Freeze,good,wgEncodeAwgTfbsHaibK562Pol2V0416101UniPk,NA
K562,POLR2A,UT+AC0-A,None,Pol2,ENCODE Mar 2012 Freeze,good,wgEncodeAwgTfbsUtaK562Pol2UniPk,NA
K562,POLR2A,Stanford,None,Pol2(phosphoS2),ENCODE Mar 2012 Freeze,good,wgEncodeAwgTfbsSydhK562Pol2s2IggrabUniPk,IgG+AC0-rab
MCF+AC0-7,POLR2A,UT+AC0-A,None,Pol2,ENCODE Mar 2012 Freeze,good,wgEncodeAwgTfbsUtaMcf7Pol2UniPk,NA
PANC+AC0-1,POLR2A,HudsonAlpha,None,Pol2+AC0-4H8,ENCODE Mar 2012 Freeze,good,wgEncodeAwgTfbsHaibPanc1Pol24h8V0416101UniPk,NA
PBDE,POLR2A,USC,None,Pol2,ENCODE Mar 2012 Freeze,good,wgEncodeAwgTfbsSydhPbdePol2UcdUniPk,UCDavis
ProgFib,POLR2A,UT+AC0-A,None,Pol2,ENCODE Mar 2012 Freeze,good,wgEncodeAwgTfbsUtaProgfibPol2UniPk,NA
Raji,POLR2A,USC,None,Pol2,ENCODE Mar 2012 Freeze,good,wgEncodeAwgTfbsSydhRajiPol2UcdUniPk,UCDavis
SK+AC0-N+AC0-MC,POLR2A,HudsonAlpha,None,Pol2+AC0-4H8,ENCODE Mar 2012 Freeze,good,wgEncodeAwgTfbsHaibSknmcPol24h8V0416101UniPk,NA
SK+AC0-N+AC0-SH,POLR2A,HudsonAlpha,None,Pol2+AC0-4H8,ENCODE Mar 2012 Freeze,good,wgEncodeAwgTfbsHaibSknshPol24h8V0416101UniPk,NA
U87,POLR2A,HudsonAlpha,None,Pol2+AC0-4H8,ENCODE Mar 2012 Freeze,good,wgEncodeAwgTfbsHaibU87Pol24h8V0416101UniPk,NA
GM12878,POU2F2,HudsonAlpha,None,POU2F2,ENCODE Mar 2012 Freeze,good,wgEncodeAwgTfbsHaibGm12878Pou2f2Pcr1xUniPk,NA
GM12891,POU2F2,HudsonAlpha,None,POU2F2,ENCODE Mar 2012 Freeze,good,wgEncodeAwgTfbsHaibGm12891Pou2f2Pcr1xUniPk,NA
H1+AC0-hESC,POU5F1,HudsonAlpha,None,POU5F1+AF8-(SC+AC0-9081),ENCODE Mar 2012 Freeze,good,wgEncodeAwgTfbsHaibH1hescPou5f1sc9081V0416102UniPk,NA
HeLa+AC0-S3,PRDM1,Stanford,None,PRDM1+AF8-(9115),ENCODE Mar 2012 Freeze,good,wgEncodeAwgTfbsSydhHelas3Prdm19115IggrabUniPk,IgG+AC0-rab
A549,RAD21,Stanford,None,Rad21,ENCODE Mar 2012 Freeze,good,wgEncodeAwgTfbsSydhA549Rad21IggrabUniPk,IgG+AC0-rab
GM12878,RAD21,Stanford,None,Rad21,ENCODE Mar 2012 Freeze,good,wgEncodeAwgTfbsSydhGm12878Rad21IggrabUniPk,IgG+AC0-rab
GM12878,RAD21,HudsonAlpha,None,Rad21,ENCODE Mar 2012 Freeze,good,wgEncodeAwgTfbsHaibGm12878Rad21V0416101UniPk,NA
H1+AC0-hESC,RAD21,HudsonAlpha,None,Rad21,ENCODE Mar 2012 Freeze,good,wgEncodeAwgTfbsHaibH1hescRad21V0416102UniPk,NA
H1+AC0-hESC,RAD21,Stanford,None,Rad21,ENCODE Mar 2012 Freeze,good,wgEncodeAwgTfbsSydhH1hescRad21IggrabUniPk,IgG+AC0-rab
HeLa+AC0-S3,RAD21,Stanford,None,Rad21,ENCODE Mar 2012 Freeze,good,wgEncodeAwgTfbsSydhHelas3Rad21IggrabUniPk,IgG+AC0-rab
HepG2,RAD21,Stanford,None,Rad21,ENCODE Mar 2012 Freeze,good,wgEncodeAwgTfbsSydhHepg2Rad21IggrabUniPk,IgG+AC0-rab
HepG2,RAD21,HudsonAlpha,None,Rad21,ENCODE Mar 2012 Freeze,good,wgEncodeAwgTfbsHaibHepg2Rad21V0416101UniPk,NA
IMR90,RAD21,Stanford,None,Rad21,ENCODE Mar 2012 Freeze,good,wgEncodeAwgTfbsSydhImr90Rad21IggrabUniPk,IgG+AC0-rab
K562,RAD21,HudsonAlpha,None,Rad21,ENCODE Mar 2012 Freeze,good,wgEncodeAwgTfbsHaibK562Rad21V0416102UniPk,NA
SK+AC0-N+AC0-SH (Retinoic Acid),RAD21,HudsonAlpha,None,Rad21,ENCODE Mar 2012 Freeze,good,wgEncodeAwgTfbsHaibSknshraRad21V0416102UniPk,NA
H1+AC0-hESC,RBBP5,Broad,None,RBBP5+AF8-(A300+AC0-109A),ENCODE Mar 2012 Freeze,good,wgEncodeAwgTfbsBroadH1hescRbbp5a300109aUniPk,std
K562,RBBP5,Broad,None,RBBP5+AF8-(A300+AC0-109A),ENCODE Mar 2012 Freeze,good,wgEncodeAwgTfbsBroadK562Rbbp5a300109aUniPk,std
HeLa+AC0-S3,RCOR1,Stanford,None,COREST+AF8-(sc+AC0-30189),ENCODE Mar 2012 Freeze,good,wgEncodeAwgTfbsSydhHelas3Corestsc30189IggrabUniPk,IgG+AC0-rab
HepG2,RCOR1,Stanford,None,COREST+AF8-(sc+AC0-30189),ENCODE Mar 2012 Freeze,good,wgEncodeAwgTfbsSydhHepg2Corestsc30189IggrabUniPk,IgG+AC0-rab
K562,RCOR1,Stanford,None,COREST+AF8-(sc+AC0-30189),ENCODE Mar 2012 Freeze,good,wgEncodeAwgTfbsSydhK562Corestsc30189IggrabUniPk,IgG+AC0-rab
K562,RCOR1,Stanford,None,COREST+AF8-(ab24166),ENCODE Mar 2012 Freeze,good,wgEncodeAwgTfbsSydhK562Corestab24166IggrabUniPk,IgG+AC0-rab
GM12878,REST,HudsonAlpha,None,NRSF,ENCODE Mar 2012 Freeze,good,wgEncodeAwgTfbsHaibGm12878NrsfPcr1xUniPk,NA
H1+AC0-hESC,REST,HudsonAlpha,None,NRSF,ENCODE Mar 2012 Freeze,good,wgEncodeAwgTfbsHaibH1hescNrsfV0416102UniPk,NA
HeLa+AC0-S3,REST,HudsonAlpha,None,NRSF,ENCODE Mar 2012 Freeze,good,wgEncodeAwgTfbsHaibHelas3NrsfPcr1xUniPk,NA
HepG2,REST,HudsonAlpha,None,NRSF,ENCODE Mar 2012 Freeze,good,wgEncodeAwgTfbsHaibHepg2NrsfV0416101UniPk,NA
HepG2,REST,HudsonAlpha,None,NRSF,ENCODE Mar 2012 Freeze,good,wgEncodeAwgTfbsHaibHepg2NrsfPcr2xUniPk,NA
K562,REST,HudsonAlpha,None,NRSF,ENCODE Mar 2012 Freeze,good,wgEncodeAwgTfbsHaibK562NrsfV0416102UniPk,NA
PANC+AC0-1,REST,HudsonAlpha,None,NRSF,ENCODE Mar 2012 Freeze,good,wgEncodeAwgTfbsHaibPanc1NrsfPcr2xUniPk,NA
PFSK+AC0-1,REST,HudsonAlpha,None,NRSF,ENCODE Mar 2012 Freeze,good,wgEncodeAwgTfbsHaibPfsk1NrsfPcr2xUniPk,NA
SK+AC0-N+AC0-SH,REST,HudsonAlpha,None,NRSF,ENCODE Mar 2012 Freeze,good,wgEncodeAwgTfbsHaibSknshNrsfV0416101UniPk,NA
SK+AC0-N+AC0-SH,REST,HudsonAlpha,None,NRSF,ENCODE Mar 2012 Freeze,good,wgEncodeAwgTfbsHaibSknshNrsfPcr2xUniPk,NA
U87,REST,HudsonAlpha,None,NRSF,ENCODE Mar 2012 Freeze,good,wgEncodeAwgTfbsHaibU87NrsfPcr2xUniPk,NA
GM12878,RFX5,Stanford,None,RFX5+AF8-(200+AC0-401+AC0-194),ENCODE Mar 2012 Freeze,good,wgEncodeAwgTfbsSydhGm12878Rfx5200401194IggmusUniPk,IgG+AC0-mus
H1+AC0-hESC,RFX5,Stanford,None,RFX5+AF8-(200+AC0-401+AC0-194),ENCODE Mar 2012 Freeze,good,wgEncodeAwgTfbsSydhH1hescRfx5200401194IggrabUniPk,IgG+AC0-rab
HeLa+AC0-S3,RFX5,Stanford,None,RFX5+AF8-(200+AC0-401+AC0-194),ENCODE Mar 2012 Freeze,good,wgEncodeAwgTfbsSydhHelas3Rfx5200401194IggrabUniPk,IgG+AC0-rab
HepG2,RFX5,Stanford,None,RFX5+AF8-(200+AC0-401+AC0-194),ENCODE Mar 2012 Freeze,good,wgEncodeAwgTfbsSydhHepg2Rfx5200401194IggrabUniPk,IgG+AC0-rab
K562,RFX5,Stanford,None,RFX5+AF8-(200+AC0-401+AC0-194),ENCODE Mar 2012 Freeze,good,wgEncodeAwgTfbsSydhK562Rfx5IggrabUniPk,IgG+AC0-rab
HeLa+AC0-S3,RPC155,Harvard,None,RPC155,ENCODE Mar 2012 Freeze,good,wgEncodeAwgTfbsSydhHelas3Rpc155UniPk,std
GM12878,RUNX3,HudsonAlpha,None,RUNX3+AF8-(SC+AC0-101553),ENCODE Mar 2012 Freeze,good,wgEncodeAwgTfbsHaibGm12878Runx3sc101553V0422111UniPk,NA
GM12878,RXRA,HudsonAlpha,None,RXRA,ENCODE Mar 2012 Freeze,good,wgEncodeAwgTfbsHaibGm12878RxraPcr1xUniPk,NA
HepG2,RXRA,HudsonAlpha,None,RXRA,ENCODE Mar 2012 Freeze,good,wgEncodeAwgTfbsHaibHepg2RxraPcr1xUniPk,NA
K562,SAP30,Broad,None,SAP30+AF8-(39731),ENCODE Mar 2012 Freeze,good,wgEncodeAwgTfbsBroadK562Sap3039731UniPk,std
K562,SETDB1,USC,None,SETDB1,ENCODE Mar 2012 Freeze,good,wgEncodeAwgTfbsSydhK562Setdb1UcdUniPk,UCDavis
U2OS,SETDB1,USC,None,SETDB1,ENCODE Mar 2012 Freeze,good,wgEncodeAwgTfbsSydhU2osSetdb1UcdUniPk,UCDavis
GM12878,SIN3A,Stanford,None,SIN3A+AF8-(NB600+AC0-1263),ENCODE Mar 2012 Freeze,good,wgEncodeAwgTfbsSydhGm12878Sin3anb6001263IggmusUniPk,IgG+AC0-mus
H1+AC0-hESC,SIN3A,Stanford,None,SIN3A+AF8-(NB600+AC0-1263),ENCODE Mar 2012 Freeze,good,wgEncodeAwgTfbsSydhH1hescSin3anb6001263IggrabUniPk,IgG+AC0-rab
H1+AC0-hESC,SIN3AK20,HudsonAlpha,None,Sin3Ak+AC0-20,ENCODE Mar 2012 Freeze,good,wgEncodeAwgTfbsHaibH1hescSin3ak20Pcr1xUniPk,NA
HepG2,SIN3AK20,HudsonAlpha,None,Sin3Ak+AC0-20,ENCODE Mar 2012 Freeze,good,wgEncodeAwgTfbsHaibHepg2Sin3ak20Pcr1xUniPk,NA
K562,SIN3AK20,HudsonAlpha,None,Sin3Ak+AC0-20,ENCODE Mar 2012 Freeze,good,wgEncodeAwgTfbsHaibK562Sin3ak20V0416101UniPk,NA
PFSK+AC0-1,SIN3AK20,HudsonAlpha,None,Sin3Ak+AC0-20,ENCODE Mar 2012 Freeze,good,wgEncodeAwgTfbsHaibPfsk1Sin3ak20V0416101UniPk,NA
SK+AC0-N+AC0-SH,SIN3AK20,HudsonAlpha,None,Sin3Ak+AC0-20,ENCODE Mar 2012 Freeze,good,wgEncodeAwgTfbsHaibSknshSin3ak20V0416101UniPk,NA
K562,SIRT6,Harvard,None,SIRT6,ENCODE Mar 2012 Freeze,good,wgEncodeAwgTfbsSydhK562Sirt6UniPk,std
GM12878,SIX5,HudsonAlpha,None,SIX5,ENCODE Mar 2012 Freeze,good,wgEncodeAwgTfbsHaibGm12878Six5Pcr1xUniPk,NA
H1+AC0-hESC,SIX5,HudsonAlpha,None,SIX5,ENCODE Mar 2012 Freeze,good,wgEncodeAwgTfbsHaibH1hescSix5Pcr1xUniPk,NA
K562,SIX5,HudsonAlpha,None,SIX5,ENCODE Mar 2012 Freeze,good,wgEncodeAwgTfbsHaibK562Six5Pcr1xUniPk,NA
HeLa+AC0-S3,SMARCB1,Stanford,None,Ini1,ENCODE Mar 2012 Freeze,good,wgEncodeAwgTfbsSydhHelas3Ini1IggmusUniPk,IgG+AC0-mus
GM12878,SMC3,Stanford,None,SMC3+AF8-(ab9263),ENCODE Mar 2012 Freeze,good,wgEncodeAwgTfbsSydhGm12878Smc3ab9263IggmusUniPk,IgG+AC0-mus
HeLa+AC0-S3,SMC3,Stanford,None,SMC3+AF8-(ab9263),ENCODE Mar 2012 Freeze,good,wgEncodeAwgTfbsSydhHelas3Smc3ab9263IggrabUniPk,IgG+AC0-rab
HepG2,SMC3,Stanford,None,SMC3+AF8-(ab9263),ENCODE Mar 2012 Freeze,good,wgEncodeAwgTfbsSydhHepg2Smc3ab9263IggrabUniPk,IgG+AC0-rab
K562,SMC3,Stanford,None,SMC3+AF8-(ab9263),ENCODE Mar 2012 Freeze,good,wgEncodeAwgTfbsSydhK562Smc3ab9263IggrabUniPk,IgG+AC0-rab
GM12878,SP1,HudsonAlpha,None,SP1,ENCODE Mar 2012 Freeze,good,wgEncodeAwgTfbsHaibGm12878Sp1Pcr1xUniPk,NA
H1+AC0-hESC,SP1,HudsonAlpha,None,SP1,ENCODE Mar 2012 Freeze,good,wgEncodeAwgTfbsHaibH1hescSp1Pcr1xUniPk,NA
HepG2,SP1,HudsonAlpha,None,SP1,ENCODE Mar 2012 Freeze,good,wgEncodeAwgTfbsHaibHepg2Sp1Pcr1xUniPk,NA
K562,SP1,HudsonAlpha,None,SP1,ENCODE Mar 2012 Freeze,good,wgEncodeAwgTfbsHaibK562Sp1Pcr1xUniPk,NA
H1+AC0-hESC,SP2,HudsonAlpha,None,SP2+AF8-(SC+AC0-643),ENCODE Mar 2012 Freeze,good,wgEncodeAwgTfbsHaibH1hescSp2V0422111UniPk,NA
K562,SP2,HudsonAlpha,None,SP2+AF8-(SC+AC0-643),ENCODE Mar 2012 Freeze,good,wgEncodeAwgTfbsHaibK562Sp2sc643V0416102UniPk,NA
H1+AC0-hESC,SP4,HudsonAlpha,None,SP4+AF8-(V+AC0-20),ENCODE Mar 2012 Freeze,good,wgEncodeAwgTfbsHaibH1hescSp4v20V0422111UniPk,NA
GM12878,SPI1,HudsonAlpha,None,PU.1,ENCODE Mar 2012 Freeze,good,wgEncodeAwgTfbsHaibGm12878Pu1Pcr1xUniPk,NA
GM12891,SPI1,HudsonAlpha,None,PU.1,ENCODE Mar 2012 Freeze,good,wgEncodeAwgTfbsHaibGm12891Pu1Pcr1xUniPk,NA
K562,SPI1,HudsonAlpha,None,PU.1,ENCODE Mar 2012 Freeze,good,wgEncodeAwgTfbsHaibK562Pu1Pcr1xUniPk,NA
H1+AC0-hESC,SRF,HudsonAlpha,None,SRF,ENCODE Mar 2012 Freeze,good,wgEncodeAwgTfbsHaibH1hescSrfPcr1xUniPk,NA
HepG2,SRF,HudsonAlpha,None,SRF,ENCODE Mar 2012 Freeze,good,wgEncodeAwgTfbsHaibHepg2SrfV0416101UniPk,NA
K562,SRF,HudsonAlpha,None,SRF,ENCODE Mar 2012 Freeze,good,wgEncodeAwgTfbsHaibK562SrfV0416101UniPk,NA
HeLa+AC0-S3,STAT3,Stanford,None,STAT3,ENCODE Mar 2012 Freeze,good,wgEncodeAwgTfbsSydhHelas3Stat3IggrabUniPk,IgG+AC0-rab
GM12878,STAT5A,HudsonAlpha,None,STAT5A+AF8-(SC+AC0-74442),ENCODE Mar 2012 Freeze,good,wgEncodeAwgTfbsHaibGm12878Stat5asc74442V0422111UniPk,NA
K562,STAT5A,HudsonAlpha,None,STAT5A+AF8-(SC+AC0-74442),ENCODE Mar 2012 Freeze,good,wgEncodeAwgTfbsHaibK562Stat5asc74442V0422111UniPk,NA
H1+AC0-hESC,SUZ12,USC,None,SUZ12,ENCODE Mar 2012 Freeze,good,wgEncodeAwgTfbsSydhH1hescSuz12UcdUniPk,UCDavis
GM12878,TAF1,HudsonAlpha,None,TAF1,ENCODE Mar 2012 Freeze,good,wgEncodeAwgTfbsHaibGm12878Taf1Pcr1xUniPk,NA
GM12891,TAF1,HudsonAlpha,None,TAF1,ENCODE Mar 2012 Freeze,good,wgEncodeAwgTfbsHaibGm12891Taf1Pcr1xUniPk,NA
GM12892,TAF1,HudsonAlpha,None,TAF1,ENCODE Mar 2012 Freeze,good,wgEncodeAwgTfbsHaibGm12892Taf1V0416102UniPk,NA
H1+AC0-hESC,TAF1,HudsonAlpha,None,TAF1,ENCODE Mar 2012 Freeze,good,wgEncodeAwgTfbsHaibH1hescTaf1V0416102UniPk,NA
HeLa+AC0-S3,TAF1,HudsonAlpha,None,TAF1,ENCODE Mar 2012 Freeze,good,wgEncodeAwgTfbsHaibHelas3Taf1Pcr1xUniPk,NA
HepG2,TAF1,HudsonAlpha,None,TAF1,ENCODE Mar 2012 Freeze,good,wgEncodeAwgTfbsHaibHepg2Taf1Pcr2xUniPk,NA
K562,TAF1,HudsonAlpha,None,TAF1,ENCODE Mar 2012 Freeze,good,wgEncodeAwgTfbsHaibK562Taf1V0416101UniPk,NA
PFSK+AC0-1,TAF1,HudsonAlpha,None,TAF1,ENCODE Mar 2012 Freeze,good,wgEncodeAwgTfbsHaibPfsk1Taf1V0416101UniPk,NA
SK+AC0-N+AC0-SH,TAF1,HudsonAlpha,None,TAF1,ENCODE Mar 2012 Freeze,good,wgEncodeAwgTfbsHaibSknshTaf1V0416101UniPk,NA
H1+AC0-hESC,TAF7,HudsonAlpha,None,TAF7+AF8-(SC+AC0-101167),ENCODE Mar 2012 Freeze,good,wgEncodeAwgTfbsHaibH1hescTaf7sc101167V0416102UniPk,NA
K562,TAF7,HudsonAlpha,None,TAF7+AF8-(SC+AC0-101167),ENCODE Mar 2012 Freeze,good,wgEncodeAwgTfbsHaibK562Taf7sc101167V0416101UniPk,NA
K562,TAL1,Stanford,None,TAL1+AF8-(SC+AC0-12984),ENCODE Mar 2012 Freeze,good,wgEncodeAwgTfbsSydhK562Tal1sc12984IggmusUniPk,IgG+AC0-mus
GM12878,TBL1XR1,Stanford,None,TBLR1+AF8-(ab24550),ENCODE Mar 2012 Freeze,good,wgEncodeAwgTfbsSydhGm12878Tblr1ab24550IggmusUniPk,IgG+AC0-mus
K562,TBL1XR1,Stanford,None,TBLR1+AF8-(ab24550),ENCODE Mar 2012 Freeze,good,wgEncodeAwgTfbsSydhK562Tblr1ab24550IggrabUniPk,IgG+AC0-rab
K562,TBL1XR1,Stanford,None,TBLR1+AF8-(NB600+AC0-270),ENCODE Mar 2012 Freeze,good,wgEncodeAwgTfbsSydhK562Tblr1nb600270IggrabUniPk,IgG+AC0-rab
GM12878,TBP,Stanford,None,TBP,ENCODE Mar 2012 Freeze,good,wgEncodeAwgTfbsSydhGm12878TbpIggmusUniPk,IgG+AC0-mus
H1+AC0-hESC,TBP,Stanford,None,TBP,ENCODE Mar 2012 Freeze,good,wgEncodeAwgTfbsSydhH1hescTbpIggrabUniPk,IgG+AC0-rab
HeLa+AC0-S3,TBP,Stanford,None,TBP,ENCODE Mar 2012 Freeze,good,wgEncodeAwgTfbsSydhHelas3TbpIggrabUniPk,IgG+AC0-rab
HepG2,TBP,Stanford,None,TBP,ENCODE Mar 2012 Freeze,good,wgEncodeAwgTfbsSydhHepg2TbpIggrabUniPk,IgG+AC0-rab
K562,TBP,Stanford,None,TBP,ENCODE Mar 2012 Freeze,good,wgEncodeAwgTfbsSydhK562TbpIggmusUniPk,IgG+AC0-mus
GM12878,TCF12,HudsonAlpha,None,TCF12,ENCODE Mar 2012 Freeze,good,wgEncodeAwgTfbsHaibGm12878Tcf12Pcr1xUniPk,NA
H1+AC0-hESC,TCF12,HudsonAlpha,None,TCF12,ENCODE Mar 2012 Freeze,good,wgEncodeAwgTfbsHaibH1hescTcf12Pcr1xUniPk,NA
HepG2,TCF12,HudsonAlpha,None,TCF12,ENCODE Mar 2012 Freeze,good,wgEncodeAwgTfbsHaibHepg2Tcf12Pcr1xUniPk,NA
GM12878,TCF3,HudsonAlpha,None,TCF3+AF8-(SC+AC0-349),ENCODE Mar 2012 Freeze,good,wgEncodeAwgTfbsHaibGm12878Tcf3Pcr1xUniPk,NA
HCT+AC0-116,TCF7L2,USC,None,TCF7L2,ENCODE Mar 2012 Freeze,good,wgEncodeAwgTfbsSydhHct116Tcf7l2UcdUniPk,UCDavis
HEK293,TCF7L2,USC,None,TCF7L2,ENCODE Mar 2012 Freeze,good,wgEncodeAwgTfbsSydhHek293Tcf7l2UcdUniPk,UCDavis
HeLa+AC0-S3,TCF7L2,USC,None,TCF7L2+AF8-C9B9+AF8-(2565),ENCODE Mar 2012 Freeze,good,wgEncodeAwgTfbsSydhHelas3Tcf7l2c9b92565UcdUniPk,UCDavis
MCF+AC0-7,TCF7L2,USC,None,TCF7L2,ENCODE Mar 2012 Freeze,good,wgEncodeAwgTfbsSydhMcf7Tcf7l2UcdUniPk,UCDavis
PANC+AC0-1,TCF7L2,USC,None,TCF7L2,ENCODE Mar 2012 Freeze,good,wgEncodeAwgTfbsSydhPanc1Tcf7l2UcdUniPk,UCDavis
H1+AC0-hESC,TEAD4,HudsonAlpha,None,TEAD4+AF8-(SC+AC0-101184),ENCODE Mar 2012 Freeze,good,wgEncodeAwgTfbsHaibH1hescTead4sc101184V0422111UniPk,NA
HepG2,TEAD4,HudsonAlpha,None,TEAD4+AF8-(SC+AC0-101184),ENCODE Mar 2012 Freeze,good,wgEncodeAwgTfbsHaibHepg2Tead4sc101184V0422111UniPk,NA
K562,TEAD4,HudsonAlpha,None,TEAD4+AF8-(SC+AC0-101184),ENCODE Mar 2012 Freeze,good,wgEncodeAwgTfbsHaibK562Tead4sc101184V0422111UniPk,NA
HeLa+AC0-S3,TFAP2A,USC,None,AP+AC0-2alpha,ENCODE Mar 2012 Freeze,good,wgEncodeAwgTfbsSydhHelas3Ap2alphaUniPk,std
HeLa+AC0-S3,TFAP2C,USC,None,AP+AC0-2gamma,ENCODE Mar 2012 Freeze,good,wgEncodeAwgTfbsSydhHelas3Ap2gammaUniPk,std
K562,THAP1,HudsonAlpha,None,THAP1+AF8-(SC+AC0-98174),ENCODE Mar 2012 Freeze,good,wgEncodeAwgTfbsHaibK562Thap1sc98174V0416101UniPk,NA
K562,TRIM28,HudsonAlpha,None,TRIM28+AF8-(SC+AC0-81411),ENCODE Mar 2012 Freeze,good,wgEncodeAwgTfbsHaibK562Trim28sc81411V0422111UniPk,NA
K562,UBTF,Stanford,None,UBF+AF8-(sc+AC0-13125),ENCODE Mar 2012 Freeze,good,wgEncodeAwgTfbsSydhK562Ubfsc13125IggmusUniPk,IgG+AC0-mus
K562,UBTF,Stanford,None,UBTF+AF8-(SAB1404509),ENCODE Mar 2012 Freeze,good,wgEncodeAwgTfbsSydhK562Ubtfsab1404509IggmusUniPk,IgG+AC0-mus
GM12878,USF1,HudsonAlpha,None,USF+AC0-1,ENCODE Mar 2012 Freeze,good,wgEncodeAwgTfbsHaibGm12878Usf1Pcr2xUniPk,NA
H1+AC0-hESC,USF1,HudsonAlpha,None,USF+AC0-1,ENCODE Mar 2012 Freeze,good,wgEncodeAwgTfbsHaibH1hescUsf1Pcr1xUniPk,NA
HepG2,USF1,HudsonAlpha,None,USF+AC0-1,ENCODE Mar 2012 Freeze,good,wgEncodeAwgTfbsHaibHepg2Usf1Pcr1xUniPk,NA
K562,USF1,HudsonAlpha,None,USF+AC0-1,ENCODE Mar 2012 Freeze,good,wgEncodeAwgTfbsHaibK562Usf1V0416101UniPk,NA
SK+AC0-N+AC0-SH (Retinoic Acid),USF1,HudsonAlpha,None,USF1+AF8-(SC+AC0-8983),ENCODE Mar 2012 Freeze,good,wgEncodeAwgTfbsHaibSknshraUsf1sc8983V0416102UniPk,NA
GM12878,USF2,Stanford,None,USF2,ENCODE Mar 2012 Freeze,good,wgEncodeAwgTfbsSydhGm12878Usf2IggmusUniPk,IgG+AC0-mus
H1+AC0-hESC,USF2,Stanford,None,USF2,ENCODE Mar 2012 Freeze,good,wgEncodeAwgTfbsSydhH1hescUsf2IggrabUniPk,IgG+AC0-rab
HeLa+AC0-S3,USF2,Stanford,None,USF2,ENCODE Mar 2012 Freeze,good,wgEncodeAwgTfbsSydhHelas3Usf2IggmusUniPk,IgG+AC0-mus
HepG2,USF2,Stanford,None,USF2,ENCODE Mar 2012 Freeze,good,wgEncodeAwgTfbsSydhHepg2Usf2IggrabUniPk,IgG+AC0-rab
K562,USF2,Stanford,None,USF2,ENCODE Mar 2012 Freeze,good,wgEncodeAwgTfbsSydhK562Usf2IggrabUniPk,IgG+AC0-rab
GM12878,WRNIP1,Stanford,None,WHIP,ENCODE Mar 2012 Freeze,good,wgEncodeAwgTfbsSydhGm12878WhipIggmusUniPk,IgG+AC0-mus
GM12878,YY1,HudsonAlpha,None,YY1+AF8-(SC+AC0-281),ENCODE Mar 2012 Freeze,good,wgEncodeAwgTfbsHaibGm12878Yy1sc281Pcr1xUniPk,NA
GM12891,YY1,HudsonAlpha,None,YY1+AF8-(SC+AC0-281),ENCODE Mar 2012 Freeze,good,wgEncodeAwgTfbsHaibGm12891Yy1sc281V0416101UniPk,NA
GM12892,YY1,HudsonAlpha,None,YY1,ENCODE Mar 2012 Freeze,good,wgEncodeAwgTfbsHaibGm12892Yy1V0416101UniPk,NA
H1+AC0-hESC,YY1,HudsonAlpha,None,YY1+AF8-(SC+AC0-281),ENCODE Mar 2012 Freeze,good,wgEncodeAwgTfbsHaibH1hescYy1sc281V0416102UniPk,NA
HCT+AC0-116,YY1,HudsonAlpha,None,YY1+AF8-(SC+AC0-281),ENCODE Mar 2012 Freeze,good,wgEncodeAwgTfbsHaibHct116Yy1sc281V0416101UniPk,NA
HepG2,YY1,HudsonAlpha,None,YY1+AF8-(SC+AC0-281),ENCODE Mar 2012 Freeze,good,wgEncodeAwgTfbsHaibHepg2Yy1sc281V0416101UniPk,NA
K562,YY1,HudsonAlpha,None,YY1,ENCODE Mar 2012 Freeze,good,wgEncodeAwgTfbsHaibK562Yy1V0416102UniPk,NA
K562,YY1,HudsonAlpha,None,YY1+AF8-(SC+AC0-281),ENCODE Mar 2012 Freeze,good,wgEncodeAwgTfbsHaibK562Yy1V0416101UniPk,NA
NT2+AC0-D1,YY1,USC,None,YY1,ENCODE Mar 2012 Freeze,good,wgEncodeAwgTfbsSydhNt2d1Yy1UcdUniPk,UCDavis
SK+AC0-N+AC0-SH (Retinoic Acid),YY1,HudsonAlpha,None,YY1+AF8-(SC+AC0-281),ENCODE Mar 2012 Freeze,good,wgEncodeAwgTfbsHaibSknshraYy1sc281V0416102UniPk,NA
GM12878,ZBTB33,HudsonAlpha,None,ZBTB33,ENCODE Mar 2012 Freeze,good,wgEncodeAwgTfbsHaibGm12878Zbtb33Pcr1xUniPk,NA
HCT+AC0-116,ZBTB33,HudsonAlpha,None,ZBTB33,ENCODE Mar 2012 Freeze,good,wgEncodeAwgTfbsHaibHct116Zbtb33V0416101UniPk,NA
HepG2,ZBTB33,HudsonAlpha,None,ZBTB33,ENCODE Mar 2012 Freeze,good,wgEncodeAwgTfbsHaibHepg2Zbtb33Pcr1xUniPk,NA
K562,ZBTB33,HudsonAlpha,None,ZBTB33,ENCODE Mar 2012 Freeze,good,wgEncodeAwgTfbsHaibK562Zbtb33Pcr1xUniPk,NA
HepG2,ZBTB7A,HudsonAlpha,None,ZBTB7A+AF8-(SC+AC0-34508),ENCODE Mar 2012 Freeze,good,wgEncodeAwgTfbsHaibHepg2Zbtb7aV0416101UniPk,NA
K562,ZBTB7A,HudsonAlpha,None,ZBTB7A+AF8-(SC+AC0-34508),ENCODE Mar 2012 Freeze,good,wgEncodeAwgTfbsHaibK562Zbtb7asc34508V0416101UniPk,NA
GM12878,ZEB1,HudsonAlpha,None,ZEB1+AF8-(SC+AC0-25388),ENCODE Mar 2012 Freeze,good,wgEncodeAwgTfbsHaibGm12878Zeb1sc25388V0416102UniPk,NA
GM12878,ZNF143,Stanford,None,Znf143+AF8-(16618+AC0-1+AC0-AP),ENCODE Mar 2012 Freeze,good,wgEncodeAwgTfbsSydhGm12878Znf143166181apUniPk,std
H1+AC0-hESC,ZNF143,Stanford,None,Znf143+AF8-(16618+AC0-1+AC0-AP),ENCODE Mar 2012 Freeze,good,wgEncodeAwgTfbsSydhH1hescZnf143IggrabUniPk,IgG+AC0-rab
HeLa+AC0-S3,ZNF143,Stanford,None,Znf143+AF8-(16618+AC0-1+AC0-AP),ENCODE Mar 2012 Freeze,good,wgEncodeAwgTfbsSydhHelas3Znf143IggrabUniPk,IgG+AC0-rab
K562,ZNF143,Stanford,None,Znf143+AF8-(16618+AC0-1+AC0-AP),ENCODE Mar 2012 Freeze,good,wgEncodeAwgTfbsSydhK562Znf143IggrabUniPk,IgG+AC0-rab
MCF+AC0-7,ZNF217,USC,None,ZNF217,ENCODE Mar 2012 Freeze,good,wgEncodeAwgTfbsSydhMcf7Znf217UcdUniPk,UCDavis
HEK293+AC0-T+AC0-REx,ZNF263,USC,None,ZNF263,ENCODE Mar 2012 Freeze,good,wgEncodeAwgTfbsSydhHek293tZnf263UcdUniPk,UCDavis
K562,ZNF263,USC,None,ZNF263,ENCODE Mar 2012 Freeze,good,wgEncodeAwgTfbsSydhK562Znf263UcdUniPk,UCDavis
K562,ZNF274,USC,None,ZNF274+AF8-(M01),ENCODE Mar 2012 Freeze,good,wgEncodeAwgTfbsSydhK562Znf274m01UcdUniPk,UCDavis
K562,ZNF274,USC,None,ZNF274,ENCODE Mar 2012 Freeze,good,wgEncodeAwgTfbsSydhK562Znf274UcdUniPk,UCDavis
